country,car_make,car_model,car_model_year,car_color,car_price,car_condition,salesperson_name,sales_date,sales_location
Finland,Mazda,Ms,2009,Pink,642363.33,new,Darin Oddie,9/26/2021,Karvia
Pakistan,Mercedes-Benz,Rev,2017,Puce,736781.74,certified pre-owned,Domenico Aubury,4/3/2022,Keti Bandar
Sri Lanka,Toyota,Dr,2012,Orange,300066.41,new,Conroy Brosoli,1/15/2022,Matara
Yemen,Mitsubishi,Ms,2007,Orange,777653.87,certified pre-owned,Lutero Lambertazzi,10/22/2021,Al ‘Āqir
Japan,Infiniti,Mr,2009,Puce,18923.71,new,Thekla Cowan,1/28/2022,Toki
Germany,Lexus,Mr,2003,Red,595604.09,new,Prentiss Sola,8/23/2021,Berlin
Indonesia,Smart,Mrs,1990,Aquamarine,758353.73,certified pre-owned,Jared Gladman,3/6/2022,Cilampuyang
China,Plymouth,Honorable,1992,Mauv,970228.12,used,Gaylord Burry,7/6/2022,Zhouling
Botswana,Land Rover,Dr,2002,Green,389114.54,certified pre-owned,Linell MacMenamy,1/10/2021,Gaborone
Indonesia,Volkswagen,Ms,1990,Fuscia,789550.25,used,Wilie Skegg,7/12/2020,Sukasari
French Guiana,Ford,Rev,2002,Green,42133.24,certified pre-owned,Mahalia Jent,2/21/2022,Kourou
France,BMW,Mr,1996,Purple,279794.16,used,Ruddie Swaton,5/21/2021,Valence
China,Ford,Rev,2020,Maroon,952212.58,new,Toddy Dunklee,5/23/2022,Pinggang
United States,Chevrolet,Dr,1997,Crimson,499999.58,certified pre-owned,Kory Merrigans,1/18/2022,Salt Lake City
France,Suzuki,Ms,2014,Orange,685141.84,certified pre-owned,Fanny Olech,6/19/2021,Amiens
China,Pontiac,Dr,2007,Fuscia,116570.09,used,Giacinta Laraway,8/2/2020,Laoshawan
China,Toyota,Mrs,1994,Goldenrod,933330.81,new,Maurita McDarmid,1/24/2020,Daitou
Poland,Dodge,Mr,2012,Mauv,57969.08,certified pre-owned,Marin Goranov,12/30/2021,Olszówka
China,Nissan,Dr,2000,Blue,949006.7,used,Haskel Hayhow,2/15/2020,Xagmakajor
Indonesia,Chevrolet,Dr,2012,Green,51468.2,used,Dennie Bartlosz,12/26/2022,Gaplokan
Ecuador,Subaru,Rev,1998,Pink,159327.02,certified pre-owned,Tiffie Yoodall,10/26/2020,Ambato
Canada,Mercedes-Benz,Mrs,1996,Red,829927.97,certified pre-owned,Fannie Biles,10/23/2021,Burnaby
Philippines,Buick,Dr,1998,Puce,423185.17,certified pre-owned,Jorrie Camplejohn,12/12/2022,Rosario
Mexico,Toyota,Rev,2018,Teal,582160.26,used,Hieronymus Stephens,8/29/2022,Vicente Guerrero
Jamaica,Audi,Ms,2021,Mauv,327219.52,certified pre-owned,Ephrayim Ehlerding,9/24/2022,Albert Town
Czech Republic,Mercedes-Benz,Mrs,2010,Indigo,885659.83,used,Gerianna Gerant,2/7/2020,Kovářov
China,BMW,Honorable,2016,Indigo,225950.93,new,Cordie Waldocke,5/1/2021,Yujin
Netherlands,Mercedes-Benz,Honorable,1997,Orange,285612.96,used,Langsdon Soldi,3/27/2021,Krimpen aan den IJssel
Indonesia,Volkswagen,Rev,2011,Orange,191679.62,certified pre-owned,Morna Prinett,11/26/2020,Sumurasin
Japan,Ford,Dr,2013,Green,941716.21,certified pre-owned,Kerrill Guard,5/19/2022,Omigawa
Indonesia,Honda,Mrs,2013,Yellow,148051.63,new,Valencia Dunseath,7/30/2020,Sanankerto
China,Mercury,Mrs,1993,Teal,79620.67,used,Piotr Scurman,8/27/2020,Jingchuan
Hungary,Ford,Ms,2021,Aquamarine,575412.43,new,Codee Henriksson,12/13/2022,Miskolc
Poland,Maybach,Rev,1998,Mauv,197935.98,new,Jennica Meineking,11/11/2021,Łubowo
Indonesia,Pontiac,Honorable,2001,Green,157648.96,certified pre-owned,Ceil Ambrosi,11/30/2022,Tiron
Philippines,Kia,Mrs,2003,Yellow,362870.73,certified pre-owned,Roshelle Malpass,10/26/2022,Balogo
China,Lotus,Rev,1991,Blue,180273.28,new,Damara Mathen,9/23/2022,Daxi
Belarus,BMW,Ms,2010,Yellow,955317.75,new,Damien Castles,4/15/2022,Lyozna
Poland,Volkswagen,Honorable,2009,Indigo,554140.63,certified pre-owned,Terry Drayson,9/16/2021,Bogatynia
Ukraine,Mitsubishi,Rev,2002,Red,570918.34,certified pre-owned,Therine Gimson,11/3/2020,Chornukhy
United States,Audi,Rev,1990,Green,173770.56,certified pre-owned,Fremont Bodleigh,11/1/2021,El Paso
Philippines,Ford,Mrs,2009,Maroon,912001.66,used,Aurlie Bowering,7/26/2020,New Leyte
China,Lincoln,Honorable,2012,Indigo,362963.28,new,Kristin Hartly,5/29/2020,Shuiche
Philippines,Bentley,Mrs,1997,Orange,786936.0,new,Sarine Triggs,10/22/2020,Cabangahan
Afghanistan,Volvo,Honorable,1991,Violet,111364.05,certified pre-owned,Julietta McInteer,6/8/2020,Mehtar Lām
Philippines,Mazda,Mr,2000,Goldenrod,74598.15,used,Chicky Thomkins,9/15/2021,Katipunan
Peru,Audi,Ms,1992,Pink,278331.17,new,Wrennie Hurdman,11/7/2020,Huasahuasi
France,Buick,Dr,2021,Orange,688323.44,used,Niccolo Fury,6/10/2020,Tourcoing
Mexico,Jeep,Rev,2007,Yellow,136202.38,used,Eulalie Redholls,9/1/2022,Ricardo Flores Magon
United Kingdom,Saab,Dr,2015,Maroon,718272.36,used,Jorge Mellmoth,12/21/2020,Pentre
Niger,Acura,Dr,2018,Mauv,446465.91,certified pre-owned,Jaquenette Tourot,5/21/2021,Niamey
Japan,Chrysler,Mr,2001,Purple,387130.08,certified pre-owned,Lulita Crilly,2/21/2020,Tanushimarumachi-toyoki
Colombia,Buick,Ms,1992,Goldenrod,831075.59,new,Ana Beedham,6/15/2022,Arauca
Portugal,Ford,Ms,1991,Purple,198054.32,certified pre-owned,Sondra Hymas,2/7/2022,Granja
Colombia,Chrysler,Mr,2000,Blue,879365.0,used,Talbot Shatliffe,1/18/2020,Pupiales
China,Ford,Rev,2016,Purple,333767.06,used,Carr Abad,5/2/2021,Xiaozhai
Indonesia,Chevrolet,Mr,1992,Orange,527371.25,used,Albie Beernt,4/22/2020,Kotabumi
Samoa,Lincoln,Dr,2012,Orange,890053.56,new,Fancie Priscott,12/2/2020,Safotu
Nigeria,Honda,Dr,2012,Indigo,641323.6,new,Barclay Timby,5/23/2021,Langtang
Croatia,Lexus,Mrs,2002,Khaki,145714.84,new,Gerrie Whitwham,8/9/2020,Cernik
Argentina,Chevrolet,Rev,2016,Indigo,748686.58,certified pre-owned,Georgie Glanders,7/26/2022,Caleta Olivia
Russia,Audi,Ms,2022,Red,70492.66,new,Carling Paolotto,7/9/2020,Strizhi
Brazil,Cadillac,Mr,2006,Aquamarine,345283.77,certified pre-owned,Nickolaus Michie,3/28/2022,Patrocínio
Poland,Isuzu,Mrs,2016,Purple,199464.47,used,Tina Matt,12/6/2021,Łodygowice
Cape Verde,Hummer,Mr,1992,Violet,371829.39,new,Gerianne Pawelke,3/28/2020,Cidade Velha
Germany,Chrysler,Ms,2008,Turquoise,202580.36,used,Florinda O'Grogane,11/26/2020,Dillenburg
Laos,Suzuki,Honorable,2001,Teal,220049.15,certified pre-owned,Tamera Moodie,3/28/2021,Viangxai
Poland,Land Rover,Ms,2005,Violet,175747.88,new,Verney Burbank,10/29/2021,Ziębice
Uzbekistan,Saturn,Ms,2002,Yellow,431709.06,new,Roxana Gennrich,2/9/2021,Qorovulbozor
Jamaica,Ford,Dr,2016,Fuscia,970455.12,new,Leena Cadagan,1/10/2021,Wakefield
Brazil,Lamborghini,Dr,2020,Mauv,925472.45,used,Edouard Westnedge,11/11/2022,Igaraçu do Tietê
Russia,Volkswagen,Mrs,2005,Yellow,618545.36,new,Jerad Leahy,3/3/2021,Zlatoust
China,Ford,Rev,2016,Puce,996212.13,new,Calley Tabbernor,5/1/2022,Erdaocha
Russia,Lexus,Honorable,2021,Violet,168208.09,certified pre-owned,Alair Bruckmann,3/16/2020,Zelenchukskaya
Guam,Ford,Dr,2017,Indigo,289100.0,used,Fredra McKeown,11/9/2020,Agana Heights Village
Japan,MINI,Honorable,1998,Maroon,786183.62,new,Ives Bultitude,1/10/2021,Maebaru
Vietnam,Chevrolet,Mr,2006,Indigo,581583.28,used,Ibbie Hardin,11/6/2021,Ô Môn
China,Mercedes-Benz,Ms,1990,Turquoise,7400.83,used,Riley Richard,9/11/2022,Zhamao
Brazil,Maserati,Mrs,2002,Puce,830740.01,used,Tara Hobson,1/3/2021,Murici
China,Dodge,Mr,1999,Violet,351624.39,new,Janis De Luna,6/19/2021,Hedong
Indonesia,Mercury,Mr,2011,Turquoise,500949.06,used,Guy Lamberth,3/11/2021,Negeriagung
Russia,Alfa Romeo,Honorable,2009,Indigo,24990.66,certified pre-owned,Katherina Glamart,11/3/2022,Molchanovo
China,Mazda,Rev,1997,Yellow,106691.69,new,Armand Ioannou,11/16/2020,Chishui
North Korea,Ford,Mrs,2022,Khaki,32484.67,certified pre-owned,Callie Klishin,5/23/2020,Sariwŏn
Sweden,BMW,Mrs,2005,Aquamarine,773232.7,new,Brunhilde Kiloh,12/17/2021,Ellös
China,MINI,Dr,1995,Crimson,909957.94,used,Lilah Bester,8/1/2020,Dahongmen
Ukraine,Ford,Ms,2000,Turquoise,526736.47,certified pre-owned,Tracey Paulton,9/8/2021,Lyakhovtsy
Brazil,Pontiac,Honorable,2002,Teal,132133.48,used,Lorant Brownill,1/19/2022,Itaúna
Canada,Pontiac,Rev,2000,Red,343708.42,used,Boony Bullan,2/8/2020,Lunenburg
Vietnam,Bentley,Rev,1998,Green,739253.49,used,Jocelyn Frenzel;,4/10/2020,Phúc Yên
Ireland,Mercedes-Benz,Ms,1995,Crimson,333563.39,new,Bearnard Bruno,3/20/2021,Cherryville
Sierra Leone,GMC,Mrs,2004,Mauv,660696.26,new,Morse Fairman,3/8/2020,Baiima
Russia,Lexus,Rev,2011,Pink,83669.55,new,Pearla Windley,6/5/2022,Primorskiy
Sweden,Buick,Mrs,2014,Turquoise,20908.52,new,Everard Bagshaw,6/18/2021,Vällingby
Poland,GMC,Dr,2002,Fuscia,778407.49,certified pre-owned,Archer Waskett,1/3/2021,Wałcz
Nigeria,Volvo,Honorable,2000,Fuscia,601960.44,used,Emelen Dell Casa,11/11/2020,Zalanga
Philippines,Ford,Mr,2006,Turquoise,958380.41,used,Saw Surtees,10/31/2020,Tigpalay
Nigeria,Saturn,Ms,2014,Khaki,604345.23,used,Dora Joutapavicius,1/1/2021,Kibiya
Papua New Guinea,Mazda,Mrs,2002,Fuscia,303928.9,certified pre-owned,Hollie Guwer,8/7/2021,Ialibu
Poland,Mitsubishi,Dr,1994,Crimson,605472.58,used,Terrance Arghent,8/29/2021,Blachownia
Kazakhstan,Volvo,Ms,1999,Teal,917261.95,used,Ynes Bullan,10/29/2021,Maleevsk
Russia,Mazda,Mr,2003,Red,171422.81,certified pre-owned,Rona Brougham,10/18/2020,Severomorsk
China,Oldsmobile,Rev,1997,Purple,972699.8,new,Jaclyn De Blasio,9/20/2021,Shuitai
Malaysia,Infiniti,Honorable,2015,Green,127085.83,new,Matthieu O'Donnelly,3/18/2020,Kuching
China,Acura,Honorable,1993,Yellow,893277.64,new,Siusan Pollendine,1/8/2020,Dana
Indonesia,Ford,Mr,2012,Aquamarine,723171.56,new,Maia Glanester,9/23/2022,Hobonio
Argentina,Fiat,Mrs,2019,Puce,892777.29,new,Averill Greenard,12/28/2022,La Poma
Peru,Oldsmobile,Dr,1997,Teal,484732.2,certified pre-owned,Abramo Sturdgess,3/29/2021,Pacaraos
Indonesia,Mercury,Mr,2013,Khaki,937887.09,used,Cybil Enoksson,3/3/2021,Mekarsari
Poland,Nissan,Dr,1990,Turquoise,423807.64,certified pre-owned,Starr Danne,7/17/2022,Węgliniec
Germany,Ford,Mr,2002,Puce,639061.49,used,Steven Sunock,6/30/2021,Hamburg Sankt Pauli
China,GMC,Mrs,2021,Green,463330.7,certified pre-owned,Staci Meiklem,1/12/2021,Qiaotou
Norway,Ford,Ms,2005,Pink,388293.39,certified pre-owned,Fairleigh Hayler,9/12/2021,Oslo
China,Acura,Ms,1997,Red,812148.34,certified pre-owned,Fredric Wolsey,4/27/2020,Huangtang
Indonesia,Dodge,Honorable,1994,Goldenrod,236855.86,certified pre-owned,Natty Rodrigo,7/4/2021,Lebak Timur
Sudan,Subaru,Rev,1994,Crimson,257790.87,new,Free Zuanelli,6/14/2020,Wagar
Sweden,Kia,Ms,2016,Puce,886437.02,certified pre-owned,Glennis Titmuss,6/11/2021,Visby
Iran,Jeep,Mrs,1998,Violet,260935.97,certified pre-owned,Tomasina Zemler,11/15/2020,Shāhīn Shahr
Nigeria,Toyota,Ms,1995,Crimson,72101.32,certified pre-owned,Cordi Earland,5/23/2021,Lapai
Myanmar,Chevrolet,Honorable,2015,Pink,936088.14,used,Gillie Neeves,5/20/2021,Taungoo
Thailand,Cadillac,Dr,2014,Goldenrod,494708.84,used,Alisun Matson,12/4/2020,Khong Chai
Indonesia,Ford,Mr,2001,Mauv,880931.35,used,Padgett Alker,1/16/2020,Jabon
Canada,Volkswagen,Mrs,1995,Orange,933830.89,new,Abby Ezzle,9/26/2022,Otterburn Park
China,Nissan,Honorable,1992,Fuscia,920860.34,new,Morie Lomath,4/3/2020,Qingzhou
Argentina,Lincoln,Dr,1999,Violet,560289.16,new,Raimund Twopenny,5/21/2021,La Falda
Brazil,Buick,Dr,2015,Crimson,996418.42,new,Jodi Elmhirst,12/29/2020,Ipauçu
Indonesia,Plymouth,Mr,2007,Puce,293805.0,used,Kikelia Casaccio,10/19/2021,Babakan
Bulgaria,Honda,Dr,2017,Red,929677.69,used,Rebecca Fintoph,4/17/2022,Bov
Poland,BMW,Mr,2011,Green,978756.89,used,Viva Shearstone,4/13/2021,Głuchów
Malaysia,Pontiac,Dr,2004,Red,715416.07,new,Florette Butchard,7/3/2021,Kuala Lumpur
Poland,Land Rover,Dr,1994,Turquoise,929752.78,new,Estrellita Trotter,11/20/2020,Filipowice
China,Toyota,Mr,2005,Green,330916.99,new,Sioux Duxbarry,3/8/2020,Danan
China,Jeep,Rev,2010,Green,823168.42,new,Ella Curd,5/22/2020,Wuyang
Portugal,Audi,Ms,2011,Maroon,834187.74,certified pre-owned,Brannon Duly,8/5/2021,Vale de São Cosme
Russia,Jeep,Mr,2002,Indigo,194250.38,new,Geneva Godain,1/31/2022,Nizhniy Lomov
China,GMC,Mr,2002,Puce,466993.3,new,Selma Polk,4/27/2021,Luzhi
China,Mitsubishi,Mrs,2006,Orange,37632.95,new,Jesus Colegrove,3/3/2021,Ziyuan
Indonesia,Mercury,Honorable,2014,Maroon,295341.32,certified pre-owned,Delphine Timlin,7/15/2022,Rokem Barat
Mexico,Geo,Mr,1999,Violet,681495.43,certified pre-owned,Lorry Merida,1/7/2020,Francisco I Madero
Nigeria,BMW,Rev,2007,Red,513686.36,certified pre-owned,Rob Johns,3/31/2020,Dan Sadau
Sweden,Dodge,Rev,2006,Mauv,805604.48,new,Zandra de Aguirre,1/23/2022,Sundbyberg
Finland,Cadillac,Rev,2019,Orange,582469.07,new,Barb Montford,11/26/2021,Kangaslampi
China,Buick,Rev,1992,Goldenrod,281469.65,certified pre-owned,Briano Grimbaldeston,6/22/2021,Dongxing
United States,Ford,Rev,1995,Blue,627439.22,certified pre-owned,Hulda Stoggell,8/9/2021,Fullerton
Iran,Pontiac,Honorable,1999,Indigo,683918.05,new,Hamlen Ledford,5/6/2021,Qeshm
Kazakhstan,Volvo,Mr,1993,Blue,348688.04,new,Paule McGrowther,9/25/2022,Petropavlovsk
South Africa,Cadillac,Ms,2022,Goldenrod,120254.89,new,Eugen Girsch,9/13/2020,Newlands
Vietnam,Dodge,Mr,1994,Indigo,810496.73,used,Brittany Duiguid,3/30/2020,Giồng Riềng
Sweden,Acura,Ms,1991,Khaki,281692.2,used,Leisha Delnevo,2/3/2020,Bandhagen
France,Jeep,Honorable,2014,Purple,128343.27,certified pre-owned,Batholomew Ledgard,7/22/2020,Fréjus
Sierra Leone,BMW,Mr,2005,Blue,107895.86,certified pre-owned,Elnore Noore,1/18/2022,Kukuna
Brazil,GMC,Ms,2017,Green,790192.7,certified pre-owned,Jolee Chinnery,11/2/2022,Muriaé
Sweden,Lexus,Ms,1994,Fuscia,811350.08,new,Vergil Pumphreys,11/7/2020,Karlstad
China,Toyota,Mr,1992,Maroon,202782.66,new,Vassily Hart,3/5/2021,Qiaolin
Indonesia,Foose,Mrs,2017,Orange,231501.34,used,Missy Anscombe,4/27/2021,Ciperang
Nicaragua,Lincoln,Rev,2017,Teal,361601.23,used,Gwennie Cranmere,3/20/2021,Boaco
France,Isuzu,Ms,2014,Green,128900.13,certified pre-owned,Aubert Hollier,12/9/2022,Cergy-Pontoise
Canada,Honda,Ms,1999,Aquamarine,875113.27,used,Waldemar Cicco,8/10/2021,Peace River
Indonesia,Buick,Mrs,2010,Green,782145.87,new,Guglielma Garth,1/3/2020,Tongkiling
Poland,Pontiac,Rev,2010,Red,835815.96,certified pre-owned,Meade Chesman,2/18/2021,Oborniki Śląskie
Belgium,Mazda,Honorable,1996,Khaki,463836.23,certified pre-owned,Tammie Cready,3/8/2020,Mons
Indonesia,Toyota,Mrs,1996,Aquamarine,459520.34,certified pre-owned,Sinclair Streader,8/11/2021,Cijambe
Portugal,Mercury,Mrs,2020,Green,437781.89,new,Alexandr Maidstone,10/1/2022,Moreira de Geraz do Lima
China,Audi,Mrs,1999,Maroon,868405.97,certified pre-owned,Orson Thorneloe,10/25/2022,Xiatang
China,Audi,Mr,2014,Indigo,42899.23,new,Gayelord Roberts,2/20/2020,Souziqiu
Poland,Volvo,Mrs,2017,Khaki,656842.79,used,Hildy Skunes,5/4/2021,Dobra
Peru,Pontiac,Dr,1991,Teal,791558.73,new,Virgie Lahrs,12/19/2022,Cajamarca
Czech Republic,Honda,Mr,2013,Indigo,663677.08,new,Athene Ranklin,12/13/2021,Jesenice
China,Chevrolet,Mr,2003,Crimson,163958.46,new,Marlee Geaves,10/22/2022,Yanjiang
China,Volkswagen,Mr,2005,Pink,764164.55,used,Davie Coats,7/10/2022,Luxi
Ukraine,Dodge,Dr,2002,Turquoise,824247.76,new,Kennan Hawkswell,9/27/2021,Slatyne
Ukraine,Acura,Dr,2001,Teal,831725.96,new,Dennet Borth,8/5/2020,Balakliya
Brazil,Audi,Rev,2008,Mauv,637579.23,new,Carolina Filinkov,1/25/2020,São Sebastião do Caí
Russia,Pontiac,Rev,1993,Indigo,302262.48,used,Tybi Grund,7/23/2022,Urazovka
Indonesia,Mercedes-Benz,Rev,2014,Yellow,129656.69,used,Winne Gosforth,4/1/2021,Kromasan
China,Pontiac,Ms,1990,Maroon,849021.57,certified pre-owned,Marcellina Domanski,3/15/2021,Taochuan
Ghana,Ford,Dr,1999,Crimson,501319.17,used,Miof mela Herkess,5/9/2022,Wenchi
Indonesia,Mercury,Rev,1998,Aquamarine,211604.19,certified pre-owned,Weidar Melendez,7/9/2020,Karangasem
China,Geo,Dr,2020,Purple,945339.5,new,Astra Kobu,5/30/2021,Jihui
Denmark,Infiniti,Rev,1990,Orange,509969.21,certified pre-owned,Mei Lockitt,11/16/2022,København
Ireland,Mazda,Ms,2004,Turquoise,224998.56,certified pre-owned,Cullin Kift,11/25/2020,Rathangan
Indonesia,Oldsmobile,Mr,2016,Turquoise,90272.19,new,Chan Philbrook,8/13/2021,Kalebun
Portugal,Lincoln,Mrs,2002,Red,881607.29,new,Cyrillus Hagley,3/26/2022,Sobreira
Portugal,Volkswagen,Mrs,2014,Pink,85546.67,certified pre-owned,Lynea Baggott,1/13/2020,Alvide
China,Lotus,Dr,2007,Aquamarine,982838.69,certified pre-owned,Mirella Ector,6/27/2021,Qizhen
Czech Republic,Ford,Dr,2017,Aquamarine,732054.27,certified pre-owned,Gabbi Daggett,11/5/2020,Horní Libina
Indonesia,Lincoln,Honorable,2015,Red,335121.56,certified pre-owned,Liliane Sebrens,9/16/2022,Pasirbitung
Sweden,Ford,Honorable,2012,Maroon,821878.85,certified pre-owned,Bradan Darrigoe,4/11/2021,Västerås
France,Land Rover,Mr,2009,Turquoise,917679.08,certified pre-owned,Shirley Bealing,11/27/2020,Carpentras
France,Ford,Dr,1992,Teal,603224.93,certified pre-owned,Correna Stuart,1/20/2021,Poligny
Dominican Republic,Mazda,Mrs,2007,Blue,326502.51,used,Natalina Fowler,9/6/2021,San Cristóbal
China,Audi,Rev,1993,Indigo,78544.9,certified pre-owned,Kippy Charlwood,11/14/2020,Xinzheng
Netherlands,Acura,Rev,2018,Turquoise,296771.7,new,Somerset Dufoure,12/31/2020,Zaandam
Indonesia,Suzuki,Ms,2021,Purple,160194.11,certified pre-owned,Marlene Warn,1/13/2021,Besuki
Russia,Chevrolet,Mrs,2022,Goldenrod,137799.14,new,Rancell Shipsey,3/19/2021,Krasnyy Profintern
Ghana,Aston Martin,Dr,2012,Yellow,609243.84,used,Ripley Palay,9/10/2020,Mamponteng
Portugal,Honda,Mrs,1990,Puce,907556.1,certified pre-owned,Jayme Terry,2/16/2022,Lameira
Sweden,Honda,Mr,1993,Goldenrod,280994.6,certified pre-owned,Lari Gameson,10/20/2020,Emmaboda
China,Dodge,Dr,2012,Teal,263469.78,new,Gawain Ponten,4/23/2020,Yangqiaodian
Japan,Cadillac,Mrs,2008,Yellow,576825.89,used,Stephanus Kampshell,9/8/2021,Tsukuba
Slovenia,GMC,Mrs,1992,Yellow,298567.72,certified pre-owned,Jessalyn Clohessy,11/26/2021,Zgornje Bitnje
Philippines,Lincoln,Rev,2019,Mauv,596952.37,used,Jewel Cathery,8/1/2022,Consuelo
Philippines,Ford,Ms,1999,Maroon,794741.56,used,Aubert Pavy,7/7/2021,Kinamayan
China,Bentley,Honorable,2005,Aquamarine,207963.82,certified pre-owned,Lamond Polden,11/10/2020,Cheping
Argentina,Ford,Mr,2003,Indigo,634259.46,used,Dougie Maulin,3/30/2021,Villa Bustos
China,Dodge,Honorable,1999,Green,717098.8,used,Veriee Pero,12/18/2020,Mozhong
Mexico,Hyundai,Mr,2005,Red,215524.56,used,Marci Langsdon,11/2/2020,La Aurora
China,Chevrolet,Ms,2018,Violet,387853.79,new,Else Christophe,12/12/2020,Oroqen Zizhiqi
Poland,BMW,Ms,2012,Purple,726285.53,used,Jasper Strowger,12/25/2020,Nowogard
China,Nissan,Rev,2010,Yellow,174444.68,new,Kirk Dotterill,1/17/2020,Zhangqing
Russia,Eagle,Dr,2001,Orange,845001.13,used,Daron Lindenfeld,9/13/2020,Podporozh’ye
Egypt,GMC,Rev,1991,Goldenrod,869769.94,certified pre-owned,Guillaume Fuidge,8/6/2020,Al Jīzah
Sri Lanka,Toyota,Honorable,2001,Mauv,735740.35,certified pre-owned,Morna Brecher,1/14/2022,Matara
Greece,Mazda,Mrs,2005,Teal,586308.82,used,Robina Grinikhinov,2/5/2022,Alexandroúpoli
Sweden,Dodge,Rev,1992,Teal,421672.12,certified pre-owned,Lemar Itzkovsky,2/4/2022,Enskede
Ukraine,Audi,Mrs,2003,Teal,968702.91,used,Theo Kubelka,10/12/2021,Chervonopartyzans’k
Zambia,Subaru,Honorable,1997,Khaki,653851.35,certified pre-owned,Dorian Atrill,7/31/2020,Mkushi
Japan,Chevrolet,Rev,2017,Puce,438705.08,new,Cecilia Silvermann,6/4/2022,Shingū
Poland,Kia,Honorable,1990,Blue,29168.57,used,Kendra Errol,12/8/2022,Bystrzyca
Pakistan,Jaguar,Mrs,2000,Khaki,858860.49,new,Shea Chastagnier,12/14/2020,Landi Kotal
France,Mitsubishi,Honorable,2002,Aquamarine,524540.65,new,Towny Grisenthwaite,4/10/2022,Orléans
United States,GMC,Mrs,1990,Yellow,532210.85,certified pre-owned,Ema Roundtree,12/17/2020,Cincinnati
Germany,Honda,Mr,1995,Goldenrod,811372.96,new,Sherwood Ellingworth,12/7/2020,Chemnitz
Poland,Infiniti,Honorable,2013,Mauv,849823.26,certified pre-owned,Dennie Attwooll,6/11/2020,Drzewica
Saudi Arabia,Chevrolet,Honorable,2017,Indigo,973345.71,new,Marillin Paterno,9/17/2022,Farasān
Indonesia,Toyota,Mrs,2020,Green,284530.54,used,Lauren Glavias,1/31/2022,Tondano
Argentina,Saab,Mrs,2003,Goldenrod,334565.38,used,Maurie Pavluk,9/8/2021,El Soberbio
Philippines,BMW,Mrs,1999,Indigo,54353.07,certified pre-owned,Mischa Daniele,7/11/2020,Bayambang
Syria,Volvo,Dr,2016,Turquoise,835333.07,used,Klarika Riach,9/29/2020,Sarmīn
Azerbaijan,Ford,Honorable,2012,Maroon,777432.24,new,Bayard Peaker,5/13/2021,Yeni Suraxanı
Myanmar,Subaru,Honorable,2005,Yellow,985951.65,certified pre-owned,Essie Birrell,11/9/2020,Paungde
China,Buick,Ms,1996,Turquoise,864851.69,certified pre-owned,Tania Axford,8/7/2021,Yongfu
Zambia,Ford,Ms,2005,Orange,503695.43,certified pre-owned,Jacquelynn Sueter,10/8/2021,Kalabo
China,GMC,Ms,2003,Indigo,58428.95,certified pre-owned,Ernst Penner,7/27/2022,Honghualiangzi
Philippines,Mazda,Ms,2014,Goldenrod,202969.59,certified pre-owned,Teresina Shilstone,3/27/2022,Muladbucad
Denmark,Eagle,Dr,2019,Goldenrod,981990.23,new,Dana Thompstone,4/9/2021,København
China,Plymouth,Mr,1996,Goldenrod,233295.72,used,Leigh Pollicott,3/26/2020,Yong’an
Sierra Leone,Buick,Ms,1997,Fuscia,917560.37,used,Josselyn Rakestraw,3/17/2021,Kukuna
Indonesia,Lincoln,Honorable,2014,Indigo,20326.06,new,Emiline Canto,11/10/2022,Campok
Australia,Buick,Dr,1993,Indigo,972107.04,new,Orelle Van Merwe,5/27/2021,Brisbane
Greece,Daewoo,Rev,2011,Indigo,831399.29,certified pre-owned,Averil McClenaghan,3/12/2021,Kéfalos
Poland,Chevrolet,Mr,2009,Purple,152968.21,certified pre-owned,Rafaello Hegley,3/3/2020,Rekowo Dolne
Malawi,Cadillac,Dr,2013,Teal,162282.57,new,Regan Speaks,7/21/2022,Kasungu
China,Lamborghini,Dr,1998,Fuscia,341197.47,used,Sheeree Warin,7/21/2022,Yanwang
China,GMC,Rev,2022,Goldenrod,499262.32,new,Ronalda Doy,6/28/2021,Xidoupu
Venezuela,Buick,Ms,2008,Mauv,394210.37,new,Arnoldo Towersey,1/10/2022,Encontrados
Finland,Chevrolet,Mrs,2005,Pink,333443.64,used,Angelique Firsby,4/12/2020,Rääkkylä
Peru,Ford,Dr,2001,Violet,827660.45,certified pre-owned,Fairleigh Huggins,10/9/2020,Motupe
China,Ford,Mr,2002,Blue,907550.78,new,Drusi Matyas,2/27/2021,Lipu
Egypt,Porsche,Mr,1993,Goldenrod,505205.54,new,Bill Ropars,1/10/2021,Fuwah
China,Mercedes-Benz,Honorable,2008,Khaki,226507.94,certified pre-owned,Staci Idenden,3/20/2022,Dongxing
Russia,Ford,Mr,2021,Pink,532641.15,used,Maddy Dennerley,6/1/2022,Sokol
China,Cadillac,Honorable,2013,Orange,15584.63,used,Quintin Beatty,4/19/2021,Anju
Japan,Mitsubishi,Mrs,2000,Goldenrod,744870.4,new,Roz Penelli,9/11/2022,Yatsushiro
Brazil,BMW,Mr,2011,Pink,490402.4,certified pre-owned,Tamera Poyzer,3/1/2022,João Monlevade
Poland,Mazda,Mr,2006,Crimson,868255.46,certified pre-owned,Danika Bertl,6/10/2022,Wohyń
Mexico,Chevrolet,Dr,2007,Turquoise,634014.98,used,Ilaire Carver,9/16/2021,Independencia
Slovenia,Nissan,Honorable,1998,Orange,988731.25,used,Millie Jepps,1/28/2022,Lucija
Indonesia,Buick,Dr,1996,Blue,645870.56,used,Yehudit Scarratt,8/18/2022,Biting
Indonesia,GMC,Mrs,2013,Aquamarine,924621.23,certified pre-owned,Salaidh Benz,10/3/2022,Taraju
Poland,Chevrolet,Honorable,2016,Fuscia,706626.32,certified pre-owned,Vonni Schutte,6/14/2020,Ceranów
Indonesia,Subaru,Rev,1995,Teal,217005.6,certified pre-owned,Alia Blair,7/22/2021,Ampera
Poland,Scion,Dr,2002,Aquamarine,133593.06,used,Melamie Croall,8/22/2020,Zaleszany
France,Mazda,Mr,2003,Green,864712.87,used,Kingsly Thelwll,4/12/2020,Cholet
China,Volkswagen,Mr,1993,Blue,942462.06,certified pre-owned,Emiline Zecchi,6/2/2021,Longkou
United States,Geo,Ms,1997,Orange,960389.53,new,Lynsey Bathowe,1/27/2020,Chicago
Nigeria,Pontiac,Mrs,2010,Green,164489.3,used,Marianna Sarge,1/24/2021,Maiyema
China,Hyundai,Dr,2007,Mauv,876164.05,certified pre-owned,Eolande Desseine,1/12/2021,Nanxiang
Venezuela,Daewoo,Mrs,2003,Blue,260125.86,certified pre-owned,Monte Gerrard,10/16/2020,Sierra Imataca
Indonesia,Lexus,Honorable,2020,Indigo,814113.89,used,Andi Chanders,5/21/2021,Cibuah
Indonesia,Toyota,Rev,2010,Blue,914832.8,new,Amity Valerius,1/18/2020,Krajan C Wonorejo
Brazil,Honda,Ms,2014,Goldenrod,816364.28,used,Liz Poveleye,2/5/2022,Barra
Ukraine,Dodge,Ms,2009,Pink,292188.22,new,Taber Guinery,12/26/2022,Biryukove
Portugal,Mitsubishi,Honorable,1999,Violet,166926.29,certified pre-owned,Janey Pinare,11/13/2022,Santa Cruz das Flores
Italy,Volkswagen,Dr,1991,Red,822633.08,used,Magdalen Carrel,12/20/2022,Roma
Myanmar,Porsche,Mr,2002,Green,527695.87,used,Ernie Deans,8/25/2020,Myitkyina
Indonesia,Toyota,Mr,2012,Green,34117.64,used,Ninon Cowles,1/1/2020,Lundo
Russia,Subaru,Honorable,1993,Pink,225126.49,used,Anatollo Storcke,4/14/2021,Chernyshevsk
Sweden,Nissan,Mrs,1996,Orange,816705.27,new,Letitia Linforth,12/10/2022,Norrtälje
China,Honda,Ms,2000,Violet,428290.42,certified pre-owned,Gannon Wrightson,1/7/2022,Luokou
Malaysia,Dodge,Mr,2008,Purple,453496.75,certified pre-owned,Rogers Frigot,11/17/2020,Putrajaya
Canada,Jeep,Mr,2000,Fuscia,278554.29,new,Davie Dumini,10/1/2020,Nelson
Russia,Maserati,Ms,1992,Turquoise,895282.5,new,Cherish Whitehouse,9/9/2020,Borok
Spain,Pontiac,Ms,2013,Red,406904.34,used,Alvira Melsome,11/27/2020,Valencia
China,Chevrolet,Rev,1993,Aquamarine,82694.72,certified pre-owned,Bruce Tavernor,3/9/2021,Baiyan
Albania,Nissan,Ms,1998,Goldenrod,906851.7,certified pre-owned,Jason Elfes,3/23/2022,Kolç
Russia,BMW,Rev,2013,Yellow,237406.82,used,Elyssa Jaggar,3/26/2021,Vysokogornyy
China,Cadillac,Rev,2020,Turquoise,265357.74,used,Dory Canacott,8/5/2022,Bohai
Sweden,Ford,Ms,1990,Mauv,477493.24,new,Carlos Selvey,4/4/2021,Järna
Indonesia,GMC,Mrs,2010,Purple,450101.95,new,Michaeline Furmage,10/11/2020,Cibiru
China,Lexus,Mrs,1999,Purple,431735.07,certified pre-owned,Kat Colclough,11/5/2021,Zaozhuang
United States,Volkswagen,Ms,2000,Goldenrod,588424.01,new,Hayes Towlson,7/4/2022,Seminole
Russia,GMC,Mrs,2020,Yellow,471844.38,used,Eldon Yellep,2/7/2020,Solikamsk
United States,GMC,Dr,1991,Red,67503.42,new,Kym Crysell,3/11/2021,Winter Haven
Philippines,Mercury,Honorable,2007,Green,642922.05,used,Patti Karsh,9/24/2022,Pagsanahan Norte
Venezuela,Oldsmobile,Rev,2012,Purple,509714.41,used,Reg Thomassen,4/19/2020,San Francisco
Greece,Lincoln,Honorable,2020,Khaki,40175.24,new,Mariann Boston,12/10/2021,Messíni
Swaziland,Chevrolet,Rev,1994,Orange,671793.31,certified pre-owned,Anallise Lardeur,8/1/2022,Piggs Peak
Latvia,Oldsmobile,Ms,2019,Maroon,686057.11,certified pre-owned,Callida Dugget,11/30/2022,Naukšēni
Germany,Suzuki,Honorable,2003,Mauv,118860.48,certified pre-owned,Sharla Jeannot,7/16/2021,Berlin
China,Mercury,Honorable,2001,Red,384130.05,new,Burg Wickling,12/17/2020,Dongmafang
China,Ford,Ms,1993,Yellow,722921.22,new,Olin Pourvoieur,2/7/2021,Daying
Uruguay,Chevrolet,Dr,2002,Pink,393090.36,new,Irv Tullis,6/9/2020,San Bautista
China,Ford,Mrs,2019,Turquoise,978165.66,used,Darla Stebbings,6/20/2021,Chumen
France,GMC,Dr,1998,Crimson,383114.28,certified pre-owned,Walton Kobelt,7/6/2022,Courtaboeuf
China,Lamborghini,Mr,1995,Green,366813.31,new,Melodee O'Devey,7/3/2021,Liangshuijing
Ireland,Lexus,Rev,2019,Pink,234392.27,new,Rey Sperring,5/27/2021,Ballyhaunis
China,Nissan,Mr,1992,Goldenrod,943023.87,used,Othilia Ingilson,12/25/2020,Hong’an
Paraguay,Rolls-Royce,Honorable,2000,Red,566553.65,used,Raf Lutas,10/25/2021,Horqueta
Brunei,Volvo,Rev,2008,Red,625847.18,certified pre-owned,Curcio Blondel,3/27/2021,Kuala Belait
Nigeria,Mitsubishi,Rev,1996,Khaki,4271.04,used,Sheena Corzor,2/28/2021,Obolo-Eke (1)
France,Chevrolet,Mrs,1996,Purple,249785.7,new,Ximenes McClory,9/13/2021,Roscoff
Mexico,Saab,Ms,2012,Purple,627071.96,new,Abbey Lottrington,5/6/2022,Lindavista
China,Honda,Honorable,1998,Violet,59772.13,new,Elane Kinzel,11/17/2021,Wenwusha
China,Cadillac,Ms,2022,Crimson,541707.91,certified pre-owned,Catie Bescoby,5/7/2020,Qiwen
China,Honda,Mr,2002,Orange,847788.7,new,Alisander Oxborough,6/19/2020,Huimin
Ukraine,Volkswagen,Ms,2021,Purple,774355.08,new,Laverne Benedikt,7/10/2021,Kramators’k
Kenya,Volkswagen,Honorable,1998,Orange,405723.19,used,Channa Klimentyonok,4/4/2020,Rongai
Mexico,BMW,Mr,1995,Yellow,614774.31,used,Kurtis Wittman,10/17/2020,San Isidro
China,Acura,Mrs,2020,Puce,743097.5,new,Jase Mayho,1/30/2022,Xiaoya
Indonesia,Bentley,Rev,1999,Goldenrod,81208.19,new,Rianon MacGibbon,7/25/2021,Mantingantengah
Indonesia,Dodge,Rev,1999,Indigo,187707.99,certified pre-owned,Sonia De Andisie,7/23/2020,Banjar Gunungpande
Dominican Republic,Mitsubishi,Mrs,1997,Blue,363088.6,new,Garald Kaye,5/5/2022,Juan Santiago
China,Lincoln,Rev,2012,Maroon,1104.92,new,Davey Wickenden,2/6/2020,Shuanglu
Slovenia,Nissan,Honorable,2019,Red,497682.49,new,Victoria Ingledow,8/15/2022,Videm pri Ptuju
Indonesia,Pontiac,Honorable,1998,Turquoise,688670.78,new,Emanuele Andrick,7/9/2021,Luti
Peru,BMW,Dr,2007,Purple,371633.3,used,Aldin Harefoot,1/11/2020,Cullhuas
Canada,Mercedes-Benz,Rev,1995,Red,172216.37,used,Renault Skurray,4/3/2020,Newmarket
Indonesia,BMW,Ms,1996,Indigo,507892.53,used,Kathy Dunley,11/29/2022,Pondokwungu
Indonesia,Nissan,Mr,1999,Blue,43287.6,new,Matti Sarjant,8/5/2022,Tagog
Iraq,Eagle,Mrs,1991,Mauv,369934.13,new,Flinn Shevlan,12/28/2020,Nāḩiyat Hīrān
Russia,Audi,Mrs,2013,Pink,977254.34,certified pre-owned,Amye Voules,7/27/2022,Zaymishche
Ethiopia,Volvo,Mrs,2020,Red,735273.18,used,Nevsa Eykelbosch,12/1/2022,Deder
Indonesia,Mitsubishi,Rev,2018,Teal,794560.63,used,Nanine Sabati,12/25/2022,Habingkloang
Cuba,Ford,Rev,2008,Mauv,703152.52,certified pre-owned,Gaspar MacKeogh,12/9/2020,Abreus
Czech Republic,Dodge,Mrs,1991,Indigo,124056.72,certified pre-owned,Lind Ungerecht,4/14/2022,Boskovice
Yemen,GMC,Mr,2003,Goldenrod,56518.4,used,Dalis Stenner,3/13/2021,Al Munīrah
Japan,Ford,Mrs,2020,Red,704557.93,certified pre-owned,Courtnay Litster,4/22/2022,Fuchūchō
Indonesia,Chevrolet,Honorable,2006,Puce,562689.79,used,Kelcy Lendrem,1/24/2021,Batugede Kulon
Indonesia,Audi,Ms,1999,Turquoise,385331.39,certified pre-owned,Karlotte Brownsill,4/22/2022,Rowokangkung
Venezuela,Chevrolet,Honorable,2001,Maroon,68943.17,certified pre-owned,Sonya Giddens,12/10/2022,San Fernando Apure
China,Honda,Dr,2014,Puce,102712.58,new,Mercy Auten,4/13/2022,Yanzhou
United States,Subaru,Mr,2014,Mauv,101376.28,certified pre-owned,Bren Kilfether,8/1/2021,Norfolk
Czech Republic,Ford,Rev,2022,Pink,398712.53,used,Andrus Duinkerk,1/29/2021,Žatec
China,Jeep,Mr,1996,Indigo,860669.85,new,Willi Dingley,5/17/2020,Jijiazhuang
Philippines,Ford,Mrs,2001,Fuscia,361915.96,new,Bettina Tosdevin,4/20/2021,Tiglauigan
United States,Scion,Mr,2004,Teal,448372.3,new,Kylila Louis,8/14/2020,Aurora
China,Toyota,Mrs,1992,Pink,194586.27,certified pre-owned,Trina Cush,7/15/2022,Baitouli
South Sudan,Chevrolet,Mrs,1995,Orange,720274.89,used,Gaile Bartke,10/12/2022,Malakal
Czech Republic,Pontiac,Mr,2016,Violet,125954.9,certified pre-owned,Germain Geard,5/26/2021,Březová
Indonesia,Pontiac,Ms,2009,Red,277810.78,used,Jeromy De Hooge,10/9/2020,Kalibuntu
Indonesia,Mercury,Honorable,2001,Purple,222029.12,certified pre-owned,Maryl Torricella,2/16/2022,Palangkaraya
Thailand,Chevrolet,Mr,2006,Blue,578197.47,new,Addia Chadbourne,9/10/2021,Pluak Daeng
Thailand,Chevrolet,Rev,2014,Aquamarine,202111.18,certified pre-owned,Tammie Nodin,12/25/2020,Hat Yai
Brazil,Cadillac,Honorable,2001,Yellow,508755.94,certified pre-owned,Demetris Dandison,5/5/2020,Apucarana
Guatemala,Pontiac,Mrs,2021,Aquamarine,906656.12,certified pre-owned,Frederica Muglestone,3/25/2021,Soloma
Indonesia,Toyota,Mr,2014,Khaki,309091.32,certified pre-owned,Tracie Brooker,8/17/2021,Cijoho
Uruguay,Mercedes-Benz,Dr,1990,Crimson,288199.2,new,Korney Fiddy,1/6/2020,Florida
Indonesia,Cadillac,Mr,2017,Blue,492436.89,new,Davidson Ledford,4/12/2021,Pamungguan
China,Lexus,Honorable,2021,Orange,203264.91,new,Anatol O'Riordan,6/4/2021,Changmaoling
Japan,Chevrolet,Mrs,1994,Green,518678.09,certified pre-owned,Son Yakebovich,5/28/2020,Sakaiminato
China,Scion,Rev,1997,Pink,934438.44,certified pre-owned,Delmar Scholfield,9/10/2021,Nanmo
Russia,Chrysler,Ms,2015,Fuscia,810608.77,new,Calli Sketh,7/31/2020,Pokrovskoye
Netherlands,Acura,Honorable,2017,Aquamarine,603504.58,certified pre-owned,Leda Exton,2/22/2020,Arnhem
Belarus,BMW,Ms,2006,Khaki,830866.72,used,Jehu Carstairs,7/30/2021,Kruhlaye
United States,Dodge,Ms,2004,Orange,655210.66,used,Winnie Seward,8/23/2022,Greeley
Japan,Dodge,Dr,1990,Puce,700818.05,new,Neille Stienham,7/30/2022,Mino
Germany,Toyota,Mr,1996,Teal,753911.31,used,Lothario Postill,3/11/2022,Hannover
Sweden,Audi,Mrs,1996,Violet,693140.43,new,Orsola Mordy,1/23/2020,Mora
Russia,Aptera,Mr,1992,Puce,765883.84,new,Fulton Gamlen,6/7/2021,Kalinovo
Portugal,Chevrolet,Dr,1996,Crimson,149268.67,certified pre-owned,Eal Westnage,12/27/2021,São Lourenço de Mamporcão
Indonesia,GMC,Dr,2003,Maroon,793992.28,new,Quintina Effaunt,7/30/2020,Peuara
China,Suzuki,Mr,1990,Purple,681249.55,new,Mabel Cuthill,4/12/2021,Longmen
Poland,Pontiac,Ms,2011,Goldenrod,307764.36,used,Morgun Bonds,4/20/2020,Stoczek Łukowski
China,Toyota,Rev,1996,Violet,793106.47,certified pre-owned,Dorolice Sterricker,6/21/2020,Changning
Uzbekistan,Chevrolet,Mrs,2016,Purple,858828.89,used,Rosette Stopper,1/26/2020,Gagarin
Vietnam,GMC,Mr,2013,Mauv,742370.37,new,Blanche Strasse,9/6/2021,Trâu Quỳ
New Zealand,Pontiac,Rev,1991,Teal,827916.97,certified pre-owned,Tucker Easum,7/12/2021,Ngaruawahia
Philippines,Jaguar,Mrs,2002,Goldenrod,289029.11,used,Quintus Paquet,1/30/2022,Sagbayan
South Korea,Saab,Mrs,1994,Mauv,298231.83,certified pre-owned,Hazel Ledur,4/19/2020,Yangju
Indonesia,Mitsubishi,Dr,1992,Pink,341259.09,used,Giles Brunicke,12/25/2020,Johogunung
Pakistan,Lincoln,Honorable,2018,Crimson,297185.99,used,Kenon Goodered,5/29/2021,Lārkāna
New Zealand,GMC,Honorable,2005,Mauv,21043.48,new,Jdavie Higgan,4/25/2020,Paraparaumu
Indonesia,Subaru,Mrs,2000,Blue,413481.24,new,Tobit Bird,6/26/2022,Oesena
Norway,Pontiac,Mr,1996,Indigo,333191.2,used,Colas Skade,7/16/2022,Trondheim
China,Mercury,Ms,2007,Mauv,454433.14,used,Joshua Hickisson,8/30/2022,Meicheng
Iran,Honda,Rev,1990,Goldenrod,965857.26,certified pre-owned,Gwendolyn Kingstne,6/24/2020,Rāmhormoz
Czech Republic,Porsche,Dr,2003,Pink,259821.98,new,Andras Keeri,9/13/2021,Všenory
China,Land Rover,Rev,1994,Pink,655624.8,new,Phylis Cricket,3/14/2020,Jiaoyang
China,Saturn,Dr,1994,Teal,481683.48,certified pre-owned,Aubine Dreghorn,3/19/2021,Youxi
Gabon,Buick,Mr,2011,Violet,566629.47,new,Cy Lerigo,12/22/2022,Mayumba
Thailand,Audi,Honorable,2003,Crimson,641405.21,used,Inez Daveran,4/17/2020,Sing Buri
Niger,Ford,Ms,2001,Aquamarine,633203.48,new,Alisha Lechmere,5/6/2020,Gaya
Philippines,Mitsubishi,Ms,2010,Blue,909131.78,new,Fonz Liversedge,7/26/2021,Malabor
Portugal,Buick,Honorable,2003,Crimson,670687.08,new,Marna Foli,5/4/2020,Avanca
United States,Oldsmobile,Dr,2007,Violet,685276.84,certified pre-owned,Vince Lumox,7/1/2021,Fresno
China,Chevrolet,Honorable,1998,Purple,650145.75,new,Merlina Bergstram,10/27/2022,Xianshuigu
China,Chrysler,Honorable,2004,Purple,997928.07,new,Frazier Train,10/12/2020,Rencun
China,Chevrolet,Honorable,2015,Yellow,112834.58,new,Boniface Dewhirst,10/28/2020,Lancai
Canada,Toyota,Honorable,2012,Turquoise,914336.65,certified pre-owned,Ashlan Heigho,10/2/2022,Lacolle
Japan,Dodge,Mrs,1992,Yellow,847754.34,certified pre-owned,Chloette Siddele,8/11/2022,Yanagawa
China,BMW,Rev,2007,Crimson,607604.21,used,Garald Corss,11/24/2020,Baimi
Ukraine,Mitsubishi,Ms,1998,Green,17322.24,certified pre-owned,Valaria Kavanagh,7/26/2020,Batiovo
Russia,Studebaker,Rev,2005,Violet,251317.86,used,Ediva Hornig,11/5/2022,Shakhty
China,Bentley,Mrs,2003,Pink,745251.62,new,Golda Trodden,12/28/2020,Yatunpu
France,Pontiac,Ms,1994,Purple,223234.2,new,Britteny Coppo,11/9/2020,Grenoble
Armenia,Volkswagen,Mrs,1997,Maroon,659132.64,used,Standford MacHoste,2/16/2021,Meghrashen
Iran,Nissan,Ms,2007,Khaki,440081.5,new,Elwood Mushrow,4/14/2022,Dalgān
Russia,Jaguar,Honorable,2017,Violet,682751.43,used,Maryl Gwilliams,2/11/2022,Povedniki
Poland,BMW,Ms,2001,Red,480586.76,used,Joceline Cail,5/23/2022,Osiek nad Notecią
Indonesia,Kia,Mrs,1992,Fuscia,231908.57,certified pre-owned,Adore Flanagan,9/29/2021,Sidomulyo
Russia,Toyota,Rev,2011,Green,59064.45,used,Terrijo Abbs,10/15/2022,Suvorov
France,Volkswagen,Honorable,2011,Pink,511850.24,new,Krystalle O'Reagan,4/15/2022,Villeneuve-la-Garenne
Indonesia,Mazda,Honorable,1996,Blue,68191.53,new,Elisabetta Redborn,3/10/2022,Kotakan Selatan
Democratic Republic of the Congo,Kia,Mr,2012,Orange,272854.07,new,Tracy Swaton,3/18/2022,Bandundu
Poland,Hyundai,Rev,1992,Puce,102222.84,new,Conney Buttriss,6/25/2022,Bujaków
Indonesia,Isuzu,Rev,2018,Red,436799.23,certified pre-owned,Ortensia Ponte,4/16/2022,Kalidawe
Indonesia,Plymouth,Mr,1999,Aquamarine,819289.88,new,Shay Tipple,6/29/2020,Manis Mekarwangi
Spain,Mercury,Dr,1999,Teal,56946.74,used,Ivette De Filippis,11/3/2022,Gijon
France,Hyundai,Ms,1996,Fuscia,508008.71,new,Vivyan Stigell,12/7/2021,Boulogne-Billancourt
China,Pontiac,Mrs,2007,Green,32807.0,new,Mathian Soreau,1/14/2022,Lizhuang
Russia,Bentley,Mr,1997,Purple,30512.88,new,Maxi Rogier,5/7/2021,Novomoskovsk
Brazil,GMC,Mr,1993,Pink,845200.44,new,Waldemar Barton,4/3/2021,Pará de Minas
China,Mercedes-Benz,Mr,2018,Turquoise,775324.15,used,Sybilla Bygate,5/2/2021,Shuanglong
Russia,Kia,Mr,1997,Mauv,678534.35,new,Berk Baldetti,12/12/2022,Vostryakovo
Argentina,GMC,Ms,2000,Yellow,569039.43,used,Mia O' Lone,5/16/2020,Chimbas
Colombia,Audi,Ms,2016,Purple,327904.59,certified pre-owned,Zack MacConnal,1/5/2021,Chimichagua
Brazil,Buick,Ms,1995,Orange,896191.25,used,Michel Blissitt,3/19/2022,Passos
China,Ford,Ms,2001,Indigo,159096.04,certified pre-owned,Leontine Realff,1/5/2021,Lücheng
Croatia,Aston Martin,Ms,2020,Indigo,69302.48,certified pre-owned,Leroi Shaughnessy,10/31/2020,Runović
Panama,Jeep,Rev,2009,Crimson,555853.45,new,Gray Lygo,1/30/2020,El Cortezo
China,Chevrolet,Dr,2011,Green,47288.66,used,Maryl Bolsteridge,8/28/2021,Linshe
Poland,Fillmore,Honorable,2014,Puce,682479.45,new,Jorrie Konertz,12/10/2020,Sidzina
Kiribati,Plymouth,Dr,2018,Pink,484303.72,used,Gennie Boseley,4/29/2020,Banraeaba Village
France,Pontiac,Mr,2017,Blue,878339.36,certified pre-owned,Betsey Ezzy,3/19/2022,Cosne-Cours-sur-Loire
Honduras,Mercury,Honorable,2005,Teal,930439.88,new,Kevin Heckner,10/2/2020,Yoro
Argentina,Dodge,Rev,1994,Yellow,705171.92,certified pre-owned,Erskine Donhardt,10/14/2022,Veinticinco de Mayo
Portugal,Toyota,Ms,2001,Mauv,305852.97,new,Giraud Trusdale,1/1/2021,Marco de Canaveses
United States,Land Rover,Rev,2010,Maroon,940748.53,new,Timothy Styles,2/10/2020,Honolulu
Indonesia,Pontiac,Mr,1993,Indigo,114386.34,used,Benedetto Ewells,6/30/2020,Kampungbaru
China,Volkswagen,Rev,2001,Orange,563045.43,new,Karlan Conachie,5/24/2022,Sanjiao
China,Audi,Dr,2012,Khaki,353960.89,certified pre-owned,Frans Honacker,9/9/2021,Bei’an
Croatia,Ford,Ms,2004,Green,245827.44,certified pre-owned,Bette Gahagan,7/25/2022,Laslovo
Sweden,Mercedes-Benz,Rev,2014,Teal,572087.15,used,Brunhilde Livett,8/5/2021,Kiruna
Argentina,Ford,Mrs,2006,Green,854908.3,certified pre-owned,Carlie Brockley,6/18/2020,Nueve de Julio
Portugal,Chrysler,Rev,1994,Puce,257595.4,certified pre-owned,Darell Harlowe,6/16/2020,Sobreda
Honduras,Pontiac,Dr,2021,Teal,50022.15,used,Thomas Vasyukhnov,4/1/2021,Cerro Blanco
China,Lincoln,Mr,2002,Indigo,900183.29,certified pre-owned,Gunter Dillinger,6/5/2020,Mayong
Indonesia,Ford,Mr,2004,Indigo,941595.12,certified pre-owned,Zsazsa Dudson,10/19/2022,Taimaman
Indonesia,Ford,Mrs,2009,Indigo,444384.66,certified pre-owned,Shanda Shallcross,5/26/2022,Pulorejo
United States,Ford,Mr,2022,Red,350268.84,new,Brigg Umfrey,6/30/2022,Boynton Beach
Russia,Kia,Mr,1990,Yellow,452820.83,used,Gerek Gainseford,10/26/2022,Kolyshley
Indonesia,Subaru,Mr,2009,Crimson,207248.41,certified pre-owned,Torre Rustich,2/17/2020,Sukamenak
Greece,Maserati,Dr,1992,Puce,53296.54,used,Bernhard Cansdale,12/13/2022,Karátoulas
Indonesia,GMC,Rev,2010,Indigo,84494.85,new,Ambur Ferraresi,10/15/2020,Kemiri Daya
Armenia,Chevrolet,Ms,2014,Pink,607118.21,new,Durand Brittin,11/14/2022,Hovtashen
Brazil,Chevrolet,Mr,1991,Turquoise,62141.77,certified pre-owned,Hazel Gynn,11/28/2021,Valparaíso
Cameroon,Saturn,Dr,1998,Teal,244763.13,new,Doris Lorkings,10/25/2022,Edéa
Indonesia,Aston Martin,Ms,2010,Pink,236177.39,used,Keri Enevold,2/22/2020,Rantau
Finland,Toyota,Mrs,2009,Khaki,977986.8,certified pre-owned,Cathrine Hinkens,1/6/2020,Oravais
Philippines,Maybach,Mrs,2013,Green,955192.75,new,Christalle Parsand,8/14/2020,Talisay
Democratic Republic of the Congo,Mazda,Mr,2009,Crimson,480848.55,used,Bobinette Stangroom,5/23/2022,Mweka
Philippines,Mitsubishi,Rev,1991,Aquamarine,987551.49,certified pre-owned,Charmian Durkin,12/13/2022,San Jose
Argentina,Dodge,Mrs,2014,Pink,438438.61,new,Johannah Seacombe,12/5/2022,Villa Nueva
Russia,GMC,Honorable,2006,Violet,993311.88,certified pre-owned,Waylin Gerraty,1/31/2021,Kolobovo
China,Toyota,Mrs,2020,Red,726725.02,used,Glad Tarquinio,7/28/2022,Donghai
Portugal,Porsche,Ms,2022,Goldenrod,453462.82,new,Hogan Millin,10/1/2022,Póvoa do Valado
Brazil,GMC,Mr,1998,Teal,271483.42,new,Andreana Trigg,7/6/2022,Viçosa
Sweden,Lamborghini,Mr,2003,Pink,702092.03,used,Sylvia Saxon,2/6/2022,Ludvika
Puerto Rico,Ford,Mrs,1997,Crimson,445588.15,certified pre-owned,Asa Colt,3/25/2022,Carolina
Egypt,Volvo,Ms,2001,Indigo,875093.23,certified pre-owned,Cassi Oolahan,11/19/2021,Shibīn al Kawm
Estonia,Chevrolet,Ms,2010,Fuscia,177909.22,certified pre-owned,Ricky Neild,12/15/2021,Loo
Panama,Mercury,Mr,2008,Mauv,755014.76,certified pre-owned,Devlen Pinkney,8/27/2020,Chame
Peru,Mitsubishi,Rev,1990,Crimson,315112.03,certified pre-owned,Irwin Mongain,3/31/2020,Yuyapichis
Croatia,Cadillac,Mrs,1992,Fuscia,641871.42,used,Curt Clemerson,7/22/2021,Ugljan
China,Mitsubishi,Mrs,2014,Indigo,96654.27,certified pre-owned,Gilda Brayne,10/16/2021,Zheyuan
Finland,Chrysler,Mrs,2003,Mauv,61999.3,certified pre-owned,Beverley Macewan,12/19/2021,Sodankylä
China,Dodge,Rev,2019,Yellow,140396.39,certified pre-owned,Vinnie Acreman,11/26/2022,Shifo
Indonesia,GMC,Mrs,2005,Violet,473473.7,used,Saraann Hewes,12/31/2020,Semboropasar
China,Buick,Mrs,2017,Khaki,173204.07,certified pre-owned,Garret Tupper,3/4/2022,Liudong
China,Hyundai,Ms,1993,Fuscia,490913.45,new,Meghan Medendorp,6/7/2021,Henglian
Malaysia,Chevrolet,Mr,2006,Yellow,359624.51,new,Devonne Bortoluzzi,10/23/2022,Petaling Jaya
Indonesia,GMC,Dr,2016,Goldenrod,39851.5,certified pre-owned,Regan Gratton,12/4/2020,Komes
Georgia,BMW,Honorable,2008,Mauv,436947.68,new,Reinold Piggins,8/7/2022,Vani
Indonesia,Maybach,Mr,1997,Turquoise,309306.92,new,Donaugh Thirlwell,11/3/2020,Legok
Poland,Pontiac,Rev,2009,Indigo,499023.01,used,Lilith Larter,4/18/2022,Sanok
Panama,Ford,Dr,2021,Red,880239.17,certified pre-owned,Erwin Shacklady,5/14/2020,Palmas Bellas
Russia,Toyota,Ms,1992,Khaki,228507.08,new,Stephenie Grimstead,8/31/2022,Mayskiy
France,Mazda,Mrs,2015,Puce,270885.87,used,Nancie Hubberstey,5/31/2020,Marseille
Thailand,Jensen,Rev,2018,Indigo,488503.65,certified pre-owned,Daphene Jahner,1/29/2020,Ban Talat Bueng
Mexico,Toyota,Mrs,1990,Indigo,915968.87,certified pre-owned,Brooke Lourens,1/15/2022,San Isidro
China,Mazda,Ms,2006,Violet,194926.0,certified pre-owned,Curt Hatterslay,3/26/2022,Taoyuan
China,Maybach,Mrs,1994,Puce,34085.74,new,Merrel Askell,7/12/2020,Shucheng Chengguanzhen
Ukraine,Mazda,Rev,1994,Indigo,981124.56,certified pre-owned,Terrye Innot,4/6/2020,Vashkivtsi
Russia,Ford,Mr,1998,Mauv,361249.65,new,Rosalinda Works,6/29/2021,Dolgoderevenskoye
United States,Volvo,Ms,1996,Aquamarine,938735.17,used,Grenville Dilston,8/3/2021,Phoenix
Argentina,Chevrolet,Dr,1992,Violet,186454.15,certified pre-owned,Bourke Bottoner,3/8/2022,Tres Isletas
Indonesia,Audi,Rev,2017,Fuscia,488801.96,new,Lida Mocker,9/20/2020,Merdeka
Sweden,Mazda,Dr,2007,Red,292610.65,new,Burnard Caulfield,2/3/2022,Uppsala
Venezuela,Pontiac,Honorable,1996,Turquoise,581113.26,certified pre-owned,Forester Cleen,3/17/2022,Jacura
Russia,Toyota,Honorable,2007,Yellow,834245.17,used,Gracie Griffiths,1/4/2020,Bogdanovich
China,GMC,Honorable,2009,Pink,675321.66,used,Boris Gors,1/29/2021,Daojiang
Morocco,Isuzu,Mrs,1992,Pink,371478.65,certified pre-owned,Nicoline Widdowson,4/12/2022,Sidi Yahia el Gharb
Bosnia and Herzegovina,Chevrolet,Ms,1999,Green,133505.53,new,Pet Aronow,2/17/2020,Mionica
Russia,Plymouth,Mr,2010,Violet,747537.05,certified pre-owned,Obidiah Haslock,9/4/2022,Gaptsakh
United States,Toyota,Mr,2002,Aquamarine,706295.74,certified pre-owned,Clair Rumbellow,6/12/2022,Chicago
Antigua and Barbuda,Ford,Ms,2011,Goldenrod,902024.74,used,Dexter Biddles,12/29/2022,Saint John’s
Ivory Coast,Nissan,Rev,2009,Aquamarine,191033.28,new,Rem Behrendsen,1/22/2020,Danané
China,Toyota,Dr,2018,Purple,643688.27,certified pre-owned,Giff Henighan,12/7/2022,Jianchang
China,Saturn,Rev,2013,Fuscia,475649.05,new,Woody O'Flannery,3/20/2021,Yuqunweng
Guatemala,Mitsubishi,Ms,2007,Violet,6250.15,new,Johannes Brugh,3/28/2022,Ciudad Tecún Umán
China,Chrysler,Dr,2000,Pink,450114.41,certified pre-owned,Florette Deddum,7/29/2022,Heichengzi
France,Ford,Dr,2010,Fuscia,215608.69,used,Cordy Bleakley,3/30/2022,Vannes
Ukraine,Chevrolet,Dr,2001,Yellow,440727.35,new,Sheridan Compston,11/27/2022,Luts’k
Indonesia,Mercedes-Benz,Mrs,2008,Red,166520.39,new,Angel Hember,10/30/2020,Kulutan
China,Chevrolet,Mr,2018,Crimson,192988.71,new,Mela Bondesen,3/1/2021,Long’an Chengxiangzhen
Morocco,Mitsubishi,Rev,1994,Orange,372731.17,new,Hedwiga McCullouch,8/11/2020,Arbaoua
Vietnam,Chevrolet,Mrs,2016,Blue,264570.83,certified pre-owned,Mareah Goulthorp,7/26/2022,Chợ Mới
Thailand,Honda,Ms,2000,Maroon,952626.46,new,Marietta Coolican,5/24/2020,Hat Yai
Brazil,Infiniti,Honorable,1994,Red,930936.81,new,Adi Garber,6/2/2021,Cachoeirinha
Belarus,Acura,Mr,2018,Turquoise,486748.46,new,Joanie Wontner,6/19/2022,Ros’
Philippines,Infiniti,Honorable,2014,Pink,752718.03,new,Aaron Skipper,6/9/2021,Logon
Japan,Chevrolet,Ms,2000,Goldenrod,409432.73,used,Duane Coch,9/7/2021,Gifu-shi
Brazil,Audi,Honorable,2007,Green,875636.15,used,Inga Kenford,6/29/2020,Jaguariaíva
Azerbaijan,Volkswagen,Rev,1996,Fuscia,809737.78,new,Ulick Ferrini,6/12/2022,Sumqayıt
Norway,Suzuki,Mrs,1996,Blue,546563.17,certified pre-owned,Nevil Gilardone,7/15/2020,Mo I Rana
Kyrgyzstan,Ford,Rev,1997,Green,97525.95,new,Valli Isted,5/23/2021,Naryn
France,Ford,Ms,1990,Aquamarine,450644.26,new,Anabelle Jolland,4/18/2021,Nancy
Sri Lanka,Mercury,Dr,2006,Pink,936383.99,new,Ludovika Kenwood,1/12/2022,Hatton
Indonesia,Volkswagen,Mr,1990,Aquamarine,262834.06,certified pre-owned,Jenine Synder,5/1/2020,Babirik
Canada,Acura,Honorable,2015,Mauv,590650.27,used,Obed Georgeson,11/29/2021,Wabana
China,Cadillac,Ms,2006,Blue,323078.74,new,Calvin Petrusch,4/7/2021,Jingdang
Russia,Mercury,Mrs,1997,Turquoise,78282.49,certified pre-owned,Marina Fletham,10/26/2022,Zheleznodorozhnyy
Philippines,Pontiac,Ms,1998,Goldenrod,784669.68,used,Vanny Natt,3/4/2021,Sagasa
Dominican Republic,Mitsubishi,Dr,1992,Orange,786662.11,new,Bill Pawels,9/8/2021,Sabana Grande de Boyá
Mexico,Oldsmobile,Rev,2015,Puce,426584.49,certified pre-owned,Genny Elner,6/29/2022,Santiago
Panama,Dodge,Honorable,1997,Pink,738600.05,certified pre-owned,Annadiana Andrews,6/2/2021,La Mesa
France,Buick,Honorable,2020,Indigo,581866.34,new,Kaitlyn Cowdroy,6/19/2020,Roissy Charles-de-Gaulle
Japan,Mercedes-Benz,Rev,2020,Green,817243.51,certified pre-owned,Mechelle Guntrip,3/28/2020,Hatsukaichi
Indonesia,Chevrolet,Mr,2019,Teal,918750.6,used,Franny Arsmith,3/16/2020,Naru
Sweden,Honda,Dr,2016,Blue,967296.06,certified pre-owned,Annora Oates,12/13/2022,Strömstad
New Zealand,Kia,Mrs,2010,Red,768333.43,certified pre-owned,Liuka Condict,9/21/2020,Waipawa
Indonesia,Mitsubishi,Honorable,1996,Turquoise,435205.27,certified pre-owned,Jehanna Cromb,1/15/2020,Cirangga Kidul
Sweden,Isuzu,Rev,2020,Pink,110511.84,new,Drusy Bernet,9/14/2020,Solna
China,Dodge,Honorable,1993,Maroon,688455.66,used,Vincent Angeli,2/11/2021,Xibei
China,Ford,Mr,2005,Green,319794.72,used,Gaile Simonou,3/11/2022,Xindu
China,Subaru,Rev,2005,Violet,210779.94,certified pre-owned,Lonny O'Currine,8/18/2021,Gangshangji
Argentina,Chevrolet,Mrs,2011,Purple,76314.02,certified pre-owned,Efrem Capon,11/18/2022,Veinticinco de Mayo
United States,Mercury,Dr,2006,Indigo,527859.54,new,Renata Tarburn,1/20/2022,Corona
Philippines,GMC,Mrs,2009,Goldenrod,527425.4,used,Devland Fossey,6/29/2021,Pando
Philippines,Plymouth,Ms,1996,Goldenrod,804477.68,used,Riobard Kalkofer,5/8/2021,Abaca
Russia,Chevrolet,Dr,1992,Crimson,535768.58,new,Amaleta Tasch,2/7/2021,Dyurtyuli
Portugal,Maybach,Rev,1999,Fuscia,597626.24,used,Halimeda Cavee,11/12/2022,Vera Cruz
China,Chevrolet,Ms,2001,Puce,716112.49,new,Della Patters,3/22/2021,Hulei
Poland,Honda,Dr,1990,Red,121457.32,used,Stacee Holcroft,11/30/2020,Skwierzyna
Philippines,Ferrari,Rev,1993,Red,904147.03,certified pre-owned,Ingaberg Brindley,8/6/2020,Usab
Greece,Lincoln,Ms,1999,Violet,170427.48,new,Junette Fautly,1/31/2021,Sosándra
Finland,Lincoln,Rev,2006,Yellow,390468.86,new,Jaquenette Pellingar,6/22/2021,Tornio
Belarus,Porsche,Mr,2020,Turquoise,191772.85,certified pre-owned,Madel Stocks,8/31/2021,Smarhon’
Indonesia,Acura,Rev,2017,Violet,192009.1,certified pre-owned,Lucien Goldsmith,7/27/2021,Waiholo
Italy,Isuzu,Honorable,2021,Fuscia,447214.96,new,Agathe Thirsk,1/22/2021,Salerno
Kosovo,Dodge,Ms,2010,Yellow,954504.3,used,Derrik Ovey,1/16/2022,Obiliq
Democratic Republic of the Congo,Nissan,Ms,2006,Khaki,741750.78,new,Saree Copestick,7/29/2020,Bolobo
Japan,Pontiac,Mrs,1991,Teal,782067.24,certified pre-owned,Tabbitha Marchington,9/4/2021,Ōkawa
China,Mercedes-Benz,Honorable,2009,Turquoise,160371.57,new,Carilyn Yoxen,6/3/2021,Rengang
Vietnam,Hyundai,Honorable,2005,Turquoise,682574.79,used,Corrine Button,3/16/2020,Bình Thủy
Canada,Aston Martin,Ms,2005,Violet,368315.04,new,Dela Bienvenu,5/10/2021,Vaughan
Portugal,Ford,Rev,2014,Teal,687132.84,certified pre-owned,Natalina Lissandrini,11/11/2022,Covas da Raposa
China,Maybach,Mrs,1998,Goldenrod,139196.6,used,Ingra Stanmer,1/15/2021,Dayuanhuizu
Mongolia,Land Rover,Dr,2000,Khaki,161887.08,used,Ursala Ramshaw,12/22/2022,Saynshand
Finland,Buick,Ms,1994,Orange,125893.13,certified pre-owned,Babs Drowsfield,6/6/2020,Kalajoki
China,Honda,Dr,1994,Aquamarine,796743.38,used,Tillie Grahamslaw,10/9/2022,Houjiagang
China,Lincoln,Mrs,2017,Violet,365675.19,used,Bernadette Schiementz,9/9/2022,Jiaoba
Peru,Chevrolet,Ms,2016,Purple,902030.93,new,Lily Kubera,4/8/2021,Quichuay
Guatemala,Ford,Ms,1992,Yellow,381478.13,used,Celestina Moraleda,1/9/2020,Santa Ana
Mexico,Chrysler,Ms,1996,Turquoise,57378.58,certified pre-owned,Maurise Venny,9/24/2021,San Francisco
Indonesia,Maserati,Mr,1996,Purple,846546.54,certified pre-owned,Dougy Cotterel,11/20/2020,Banjar Gunungpande
France,Cadillac,Rev,1990,Indigo,470669.06,used,Terra Trolley,5/31/2021,Crépy-en-Valois
China,Infiniti,Honorable,2006,Yellow,15604.88,used,Maribelle Girardetti,4/17/2020,Longgang
Greece,Suzuki,Mrs,2007,Purple,398732.39,certified pre-owned,Danit Berringer,7/30/2021,Sísion
Thailand,Volkswagen,Mr,2012,Fuscia,856824.44,certified pre-owned,Nikoletta Showen,10/12/2020,Uttaradit
Sweden,Mercury,Honorable,2014,Goldenrod,662260.61,certified pre-owned,Otes Maywood,5/16/2020,Hägersten
China,Mazda,Dr,1994,Indigo,521003.29,certified pre-owned,Loy Stripling,8/6/2022,Wenquan
Peru,GMC,Mr,2016,Red,640395.74,used,Karna Hollington,11/3/2021,San Jerónimo
China,GMC,Rev,1992,Violet,55028.59,used,Gallagher Guilloton,10/31/2020,Qingtong
Lithuania,Mercedes-Benz,Honorable,1991,Mauv,662666.1,new,Erena Peiro,11/24/2022,Radviliskis
Canada,Chevrolet,Mr,2008,Yellow,89185.33,used,Jaye McPeake,11/24/2022,Chambly
Brazil,Ford,Rev,2007,Indigo,495840.71,used,Jackelyn Miller,8/24/2022,Paraty
China,Pontiac,Dr,1995,Indigo,456184.17,used,Eddy Mauser,5/29/2021,Beizhang
Indonesia,Chevrolet,Rev,1991,Red,986679.39,new,Jocelin Frantzeni,1/1/2021,Ayamaru
Indonesia,Mercury,Ms,2017,Red,67420.42,used,Bessy Conroy,11/18/2020,Punggurharjo
Russia,Chevrolet,Mr,1991,Pink,520049.89,new,Corrie Dovey,10/10/2022,Losino-Petrovskiy
Ecuador,Bentley,Mr,1990,Yellow,596817.6,used,Mikey Stocken,2/20/2022,Bahía de Caráquez
Micronesia,Jaguar,Ms,1999,Teal,333260.42,certified pre-owned,Jarid Seathwright,1/1/2021,Madolenihm Municipality Government
United States,Ford,Dr,1992,Khaki,898606.33,certified pre-owned,Cecilla Ayrs,5/1/2020,Des Moines
Venezuela,Plymouth,Rev,2015,Pink,379521.68,new,Kristy Stanman,1/28/2021,Sierra Imataca
China,Mitsubishi,Ms,2001,Turquoise,881268.42,used,Selinda Scyner,3/2/2022,Xishaqiao
China,Mazda,Dr,2002,Khaki,188551.65,used,Marlena Melly,12/31/2020,Bangjun
Thailand,Mercury,Mr,2006,Yellow,654523.48,new,Wilhelm Acomb,5/20/2021,Bang Lamung
Austria,GMC,Mrs,2007,Purple,122293.22,certified pre-owned,Harbert Jennins,4/22/2020,Salzburg
China,Pontiac,Rev,2015,Goldenrod,719354.6,used,Jeane Antalffy,6/8/2022,Gaoqiao
Ukraine,BMW,Rev,2020,Green,758230.96,used,Deeanne Frankel,8/10/2020,Stakhanov
Panama,Mazda,Honorable,2006,Purple,956399.2,new,Gilbertine Storr,7/6/2022,Llano Largo
Sweden,GMC,Honorable,2022,Pink,991923.03,used,Kathye Dinsmore,10/27/2021,Klippan
Thailand,Lincoln,Honorable,2016,Blue,681138.36,certified pre-owned,Marylee Honig,6/27/2021,Ban Talat Yai
China,Mazda,Dr,2001,Blue,139329.78,used,Clemmy Fendt,10/6/2020,Cuijiaqiao
Indonesia,Ford,Ms,2017,Purple,264032.85,certified pre-owned,Erica Stening,12/1/2020,Cikaludan
Syria,Pontiac,Mrs,2015,Maroon,507870.2,new,Trenna Willder,8/1/2022,Al Ḩarāk
Portugal,Honda,Dr,1993,Aquamarine,31036.66,used,Dyane Haresnape,2/11/2022,Covão da Carvalha
Niger,Smart,Rev,2008,Turquoise,960143.04,used,Augustine Kerbey,7/2/2020,Tillabéri
United States,Mercury,Honorable,2009,Fuscia,275142.13,used,Arlie Haggarth,1/13/2022,Grand Rapids
Brazil,Nissan,Rev,1998,Pink,567387.15,certified pre-owned,Erwin Jellicorse,12/31/2020,Itaberaba
Portugal,Oldsmobile,Mr,2003,Aquamarine,433748.11,used,Audre Hannen,1/3/2021,Vila Maior
Bulgaria,Hyundai,Mrs,1996,Mauv,848730.75,used,Jeanie Mandy,12/14/2020,Kiten
Brazil,Porsche,Honorable,1998,Orange,797484.91,certified pre-owned,Gib Spurriar,10/26/2021,Morro Agudo
Nepal,Kia,Mr,2022,Green,755465.51,certified pre-owned,Christiano Westnage,8/24/2022,Gaur
China,Audi,Ms,2006,Khaki,165521.64,new,Emmott Fruin,8/21/2021,Shanggu
Indonesia,Chevrolet,Mr,2006,Yellow,157460.2,new,Brett Loisi,3/11/2022,Sambirata
Cyprus,Isuzu,Honorable,2022,Indigo,139842.79,new,Hobie Nuzzi,9/24/2020,Akaki
China,Plymouth,Dr,1992,Yellow,523723.23,new,Jule MacCourt,12/30/2020,Dengjiang
Brazil,Ford,Rev,2012,Goldenrod,247518.06,used,Barclay Mycock,9/26/2022,Aparecida de Goiânia
Mauritius,Audi,Honorable,2005,Aquamarine,438954.68,certified pre-owned,Jillane Pope,5/11/2021,Fond du Sac
China,Mazda,Rev,2005,Red,778496.89,used,Lilllie Leathes,12/23/2021,Dingqiao
Poland,Buick,Rev,1996,Aquamarine,635273.51,new,Crysta Emblow,7/11/2021,Świlcza
Ukraine,Toyota,Honorable,2002,Aquamarine,829873.89,used,Fancie Marquez,7/14/2021,Lebedyn
Sweden,Chevrolet,Ms,2021,Green,216676.63,used,Skipper Hamments,5/6/2020,Skara
Portugal,Dodge,Ms,2022,Violet,461699.14,used,Lorna Stoppard,9/2/2022,Carreira
Argentina,BMW,Mrs,1996,Khaki,220075.38,certified pre-owned,Cecilius Klass,1/11/2020,San Jorge
China,Suzuki,Rev,2002,Crimson,155291.31,used,Cynde Ledson,8/30/2020,Anxi
Uganda,Porsche,Rev,1991,Indigo,490802.54,used,Blinnie Harlowe,9/24/2022,Moroto
China,Dodge,Rev,2013,Mauv,468055.51,certified pre-owned,Mayer De Ferrari,5/23/2020,Gushan
Libya,Pontiac,Ms,1996,Aquamarine,47265.27,used,Tad Drivers,7/3/2020,Waddān
Czech Republic,Infiniti,Dr,2005,Puce,719501.11,new,Perla Cammish,11/4/2020,Návsí u Jablunkova
Philippines,Mitsubishi,Honorable,2004,Green,814339.34,new,Hasheem Nutman,7/31/2020,Nagrumbuan
Indonesia,Hyundai,Dr,1999,Turquoise,846760.24,new,Dulce Bagnal,10/8/2022,Krajan Jamprong
Ghana,Chrysler,Mr,2004,Indigo,66518.79,new,Suzie Brooker,12/22/2021,Akim Oda
Afghanistan,Volvo,Rev,1993,Fuscia,890648.3,certified pre-owned,Jenilee Woolliams,2/20/2020,Barg-e Matāl
Nicaragua,Ford,Dr,2007,Indigo,128509.19,new,Carmine Berkeley,8/5/2022,Rama
Peru,Chevrolet,Mrs,1999,Teal,365224.34,new,Husain Theaker,11/10/2021,San Agustin
Afghanistan,Isuzu,Mr,2004,Maroon,771535.78,used,Gregorio Scamp,4/24/2021,Nayak
Brazil,Mazda,Rev,1991,Khaki,155747.06,certified pre-owned,Konrad Hothersall,10/31/2020,Rondonópolis
Ukraine,Dodge,Mrs,1995,Green,75686.34,certified pre-owned,Rosella Pavel,4/28/2021,Serednye
Philippines,Volkswagen,Dr,2020,Crimson,530641.87,used,Celinka Haycroft,5/14/2021,Tabuc Pontevedra
Argentina,Honda,Honorable,1995,Blue,859241.39,new,Ingram Boyce,3/8/2021,Cerro Corá
Malaysia,Dodge,Ms,2020,Purple,775666.11,certified pre-owned,Stinky Curado,2/13/2021,Kuching
Belarus,Lexus,Mr,2002,Orange,912363.52,certified pre-owned,Keelia Langstrath,4/13/2020,Ruzhany
Portugal,Lotus,Mr,2006,Crimson,203681.51,certified pre-owned,Zorine Eltone,1/10/2020,Rio
United States,Pontiac,Dr,2022,Blue,549396.93,new,Richard Farden,6/28/2022,Atlanta
China,Volvo,Dr,1999,Aquamarine,78410.3,used,Eimile Messitt,2/13/2020,Changzhi
China,Nissan,Rev,2006,Orange,190331.63,used,Brennen Lamacraft,5/30/2020,Sanjiao
China,Cadillac,Rev,2005,Purple,701497.8,new,Penny Stolting,11/1/2022,Huangbu
Monaco,Maserati,Honorable,1998,Green,790901.78,new,Salli Cotelard,7/5/2020,Moneghetti
Indonesia,Honda,Mrs,2005,Turquoise,465368.36,used,Austen Ertel,4/7/2020,Dawuhan
Yemen,Suzuki,Ms,2017,Crimson,39413.66,new,Curtice Le Breton De La Vieuville,11/16/2021,Sa'dah
Russia,Jeep,Ms,2013,Goldenrod,149370.98,certified pre-owned,Blanche Glasebrook,10/25/2022,Muchkapskiy
Netherlands,Oldsmobile,Rev,2014,Yellow,305009.12,new,Hymie Stevenson,9/7/2020,Eindhoven
Indonesia,Jeep,Honorable,2002,Crimson,620927.77,new,Stevy Songhurst,11/30/2022,Mandepa Barat
Namibia,Volkswagen,Ms,2002,Purple,710749.67,used,Ailina Jinkin,10/8/2022,Ongandjera
Indonesia,Volkswagen,Mr,1998,Aquamarine,242717.01,used,Ilysa Garbutt,6/6/2022,Hokor
China,Subaru,Rev,2006,Khaki,675579.26,used,Lucas Brunnstein,3/3/2022,Shangfang
China,Mazda,Mr,2019,Crimson,770712.45,certified pre-owned,Risa Llewellyn,6/18/2021,Emin
Philippines,Dodge,Ms,2016,Crimson,85413.71,new,Hilda Pourvoieur,6/7/2022,Doyong
Russia,GMC,Mrs,1990,Teal,188520.13,used,Bev Howitt,1/26/2020,Zelenodolsk
Russia,Chrysler,Ms,2019,Goldenrod,62062.33,certified pre-owned,Jasun Tarrant,5/17/2022,Staroutkinsk
China,Chevrolet,Honorable,1994,Red,757188.41,used,Ewell MacSporran,10/15/2020,Wenxing
Germany,Chevrolet,Mrs,1996,Teal,952181.13,new,Eba Mepham,5/3/2021,Wetzlar
Russia,Mercedes-Benz,Rev,2014,Puce,911530.18,new,Inesita Mebes,7/22/2020,Kimil’tey
Morocco,Dodge,Rev,1990,Orange,820658.97,certified pre-owned,Jeri Coleman,2/7/2020,Tata
Cameroon,Honda,Dr,2016,Teal,771731.97,new,Yasmin Dubbin,7/13/2020,Diang
Indonesia,Volvo,Mr,2015,Teal,332552.08,new,Kayla Besantie,2/4/2021,Banjar Bengkelgede
China,Pontiac,Mr,2006,Yellow,827939.14,new,Dud Thonason,7/11/2020,Tumxuk
Colombia,Dodge,Dr,1993,Indigo,942298.16,certified pre-owned,Abel Pretley,12/6/2022,El Tambo
Trinidad and Tobago,Bentley,Rev,2013,Yellow,234650.91,used,Kathlin Witherbed,7/14/2021,Laventille
Indonesia,Kia,Mr,2019,Crimson,767120.43,certified pre-owned,Ema Arnoult,5/17/2021,Nangkapayung
France,Saab,Dr,1990,Teal,453417.42,used,Karlens Fallowfield,2/14/2022,Caen
Indonesia,Honda,Rev,2005,Crimson,631936.87,certified pre-owned,Kirk Cornell,10/3/2021,Kudus
Cameroon,Ram,Honorable,1993,Khaki,273913.5,new,Clifford Pilling,10/23/2022,Évodoula
Sweden,Chevrolet,Mr,2008,Mauv,351888.53,new,Kristyn Cumberbatch,7/2/2021,Lycksele
Philippines,Chevrolet,Dr,2003,Crimson,604946.93,new,Michaelina Schwandermann,3/1/2022,Semirara
United States,Volkswagen,Dr,1997,Orange,195537.56,used,Rosemary Byass,9/24/2020,Fort Smith
China,Suzuki,Dr,2018,Khaki,235526.61,new,Klement Casassa,2/6/2022,Maoping
Indonesia,Audi,Dr,1999,Orange,720470.71,new,Joyann Fawks,8/6/2020,Siding
Ireland,Buick,Dr,2002,Violet,425457.3,new,Graeme Kaplan,6/7/2022,Oranmore
Indonesia,GMC,Mr,2020,Indigo,414858.17,used,Lawrence Fewtrell,9/14/2021,Banyupoh
China,Ford,Honorable,1994,Pink,498946.48,new,Vale Jore,8/27/2021,Beipai
Indonesia,GMC,Ms,1997,Maroon,499299.5,used,Jacqueline Asplin,1/1/2022,Guay
Colombia,Toyota,Honorable,2006,Crimson,579217.72,certified pre-owned,Zelig Ruggen,4/22/2021,Popayán
Poland,Plymouth,Honorable,2008,Crimson,758740.38,new,Ralf Feakins,1/24/2022,Władysławowo
China,Nissan,Honorable,2011,Mauv,573099.19,certified pre-owned,Bernhard Spiteri,10/11/2022,Songping
Macedonia,Ford,Mrs,2011,Fuscia,354780.65,certified pre-owned,Nonah Nuscha,8/6/2020,Negotino
Bolivia,Chevrolet,Honorable,2009,Purple,692137.37,certified pre-owned,Marlo Marrington,1/14/2020,Arani
China,Suzuki,Mr,2014,Orange,433431.19,new,Frans Toffoloni,3/10/2021,Gaotaizi
Indonesia,Buick,Mr,2019,Khaki,416150.09,certified pre-owned,Mara Burnall,7/1/2022,Pasirbatang
Armenia,Toyota,Rev,1996,Purple,352880.89,new,Deedee Booty,10/24/2020,Malishka
Czech Republic,Saab,Mr,1990,Turquoise,907563.86,new,Adolf Staner,7/5/2021,Slavkov u Brna
United States,Ford,Ms,2014,Green,478573.1,certified pre-owned,Ignacio Meedendorpe,8/16/2022,Chicago
Panama,Chevrolet,Rev,2006,Blue,776393.16,new,Frederich Gibberd,5/19/2021,Las Lomas
Ukraine,Lincoln,Mr,2001,Puce,557511.95,certified pre-owned,Wallas Medley,8/29/2022,Rakhiv
Brazil,BMW,Rev,1997,Pink,467286.75,used,Brena Meiklam,11/23/2022,Salto
China,Lincoln,Rev,1990,Fuscia,448993.87,certified pre-owned,Garvy Coggen,10/14/2022,Xingyuan
Croatia,Dodge,Ms,2020,Purple,539333.42,used,Ada Stonebridge,2/27/2021,Zagreb
Cameroon,Scion,Mrs,1991,Fuscia,957641.09,used,Demetria Beaze,4/13/2021,Mutengene
Brazil,GMC,Mr,2000,Yellow,868045.02,new,Rochester Satchell,8/28/2021,Mirador
Sweden,Suzuki,Dr,2018,Aquamarine,920803.04,certified pre-owned,Alford Birts,12/29/2021,Karlstad
Russia,BMW,Honorable,1997,Indigo,619667.14,new,Leon Jindracek,4/6/2020,Altuf’yevskiy
China,Porsche,Mrs,2002,Maroon,771228.71,used,Lauryn Nemchinov,10/7/2022,Jiatou
Bangladesh,Lexus,Mrs,2013,Maroon,874921.52,certified pre-owned,Ibrahim Staples,1/12/2021,Rāipur
Thailand,Mercedes-Benz,Rev,2006,Green,620796.03,certified pre-owned,Kameko Gibbetts,9/29/2022,Nong Khai
France,Cadillac,Honorable,2008,Indigo,642118.01,certified pre-owned,Auria Clues,7/8/2021,Saint-Maurice
Brazil,Buick,Rev,1998,Khaki,562199.16,certified pre-owned,Cassandry Fullager,12/29/2020,Cravinhos
Portugal,Dodge,Ms,1995,Green,97785.17,certified pre-owned,Jackquelin Tailby,6/28/2021,Pego Longo
Indonesia,Saab,Mrs,2020,Goldenrod,681960.62,used,Sile Nibley,8/21/2021,Sukamantri Satu
Indonesia,Nissan,Rev,2014,Red,120199.88,used,Elisha Van Dale,10/5/2021,Krajan Rowokangkung
Greece,BMW,Mrs,1990,Fuscia,9473.2,new,Daria Haugh,8/8/2022,Vélo
France,Mitsubishi,Rev,2016,Purple,12335.47,used,Margeaux Cubbit,8/8/2022,Limoges
Mongolia,Oldsmobile,Mrs,2012,Yellow,151584.26,new,Jacintha Paulmann,5/31/2020,Javhlant
Colombia,Mitsubishi,Honorable,2020,Purple,148193.42,new,Reggy Rodinger,4/10/2021,Pensilvania
Ukraine,Tesla,Dr,1998,Turquoise,931998.1,certified pre-owned,Gare Ayres,1/12/2020,Shypyntsi
Russia,Chrysler,Rev,2002,Crimson,115971.05,used,Lilly Byrde,11/1/2020,Yegorlykskaya
China,Jeep,Mr,2010,Violet,406964.37,certified pre-owned,Boot Haslewood,5/10/2022,Yangcun
Democratic Republic of the Congo,Mercedes-Benz,Mr,2014,Maroon,891629.61,certified pre-owned,Darice Crumpe,4/7/2022,Gemena
Indonesia,Jeep,Ms,2016,Blue,838709.46,certified pre-owned,Packston Walicki,5/17/2020,Ambian
Brazil,Dodge,Ms,2008,Orange,641062.7,certified pre-owned,Barbabra Eagleston,1/22/2021,Pinhais
Albania,Chevrolet,Rev,2020,Khaki,292791.23,new,Kerstin Ascrofte,9/26/2021,Remas
China,Mercedes-Benz,Ms,2010,Goldenrod,12731.49,new,Ferdinande Goch,8/12/2022,Yong’an
China,Audi,Ms,2005,Orange,686071.24,used,Lawrence Lofts,2/8/2021,Binhe
France,Mercedes-Benz,Mr,1994,Maroon,560461.72,certified pre-owned,Drucie Tweedie,1/21/2020,Alençon
Philippines,Nissan,Honorable,2006,Red,714010.63,used,Clayborne Dagg,5/30/2021,Manolo Fortich
Nigeria,Lexus,Ms,2000,Yellow,315665.26,used,Denney Stickells,8/8/2022,Oyo
Russia,Pontiac,Dr,1997,Yellow,651494.55,certified pre-owned,Olympe Sharphouse,7/10/2020,Nizhnyaya Omka
China,Infiniti,Rev,2020,Green,256566.01,new,Dodi McCracken,8/4/2021,Changshu City
China,Subaru,Mr,2016,Goldenrod,432413.38,certified pre-owned,Morna Runnicles,6/27/2021,Xiangshan
France,Ford,Mr,2014,Pink,999952.2,certified pre-owned,Amye Aronsohn,10/5/2021,Vallauris
United States,Volvo,Dr,1999,Blue,519233.76,used,Dinnie Cescotti,2/1/2021,Portland
Poland,Infiniti,Mrs,2018,Teal,817672.75,certified pre-owned,Eloise Endricci,2/3/2021,Jasienica Rosielna
Greece,Lincoln,Rev,1995,Violet,466353.69,new,Idelle Perott,7/21/2022,Chrysó
Portugal,Mazda,Ms,2000,Indigo,405100.79,certified pre-owned,Herold Basham,3/18/2020,Alfeizerão
Russia,GMC,Rev,2019,Green,724682.02,new,Millisent Marsham,4/19/2022,Borisovka
Brazil,Bentley,Rev,2018,Orange,324640.22,used,Zachariah Cicculini,5/7/2022,Itaqui
Russia,Morgan,Rev,2015,Turquoise,407613.24,certified pre-owned,Free Edgeley,5/12/2022,Gramoteino
Honduras,Toyota,Rev,2006,Fuscia,14307.47,certified pre-owned,Alida McDuall,12/15/2020,Armenta
Panama,Buick,Honorable,2019,Yellow,239943.11,new,Lorri Sparhawk,2/1/2021,El Rincón
Mexico,Toyota,Rev,2016,Violet,113545.82,used,Kara-lynn Thorndycraft,10/18/2022,Las Americas
Poland,Audi,Mrs,2015,Khaki,474722.33,used,Clementia Stoppard,6/25/2022,Lipie
Indonesia,Chevrolet,Rev,2011,Crimson,646313.39,certified pre-owned,Lorine Youle,5/10/2020,Kebonjaya
Russia,Buick,Mrs,2002,Maroon,801704.96,certified pre-owned,Englebert Schelle,8/5/2020,Kondrovo
Afghanistan,Volkswagen,Rev,2009,Puce,717822.65,certified pre-owned,Fernanda Von Salzberg,6/27/2020,Khanabad
Colombia,Suzuki,Dr,2003,Maroon,706402.98,new,Caleb Dunnett,3/26/2020,El Bagre
Philippines,Mazda,Honorable,2018,Mauv,572869.8,used,Nicki Worgan,1/17/2021,Bantogon
Portugal,Nissan,Honorable,2015,Puce,88220.75,new,Tybalt Tritten,1/5/2022,Serra
Russia,Audi,Dr,2011,Indigo,822652.59,certified pre-owned,Nydia Jouaneton,4/25/2021,Lopandino
Ivory Coast,Hyundai,Honorable,2006,Teal,644360.93,used,Noel Townby,2/19/2022,Korhogo
United States,Saturn,Mrs,2012,Goldenrod,111508.27,new,Dniren Erlam,10/17/2021,Salt Lake City
Iran,Volvo,Honorable,1998,Crimson,171212.8,new,Penn Dackombe,6/26/2021,Shalamzār
South Korea,Aptera,Ms,1994,Indigo,945901.21,certified pre-owned,Oates Foster-Smith,6/12/2021,Kinzan
Serbia,Ford,Dr,2008,Fuscia,379082.38,new,Ronalda Freckleton,6/24/2021,Neuzina
China,Ford,Ms,2003,Pink,289633.5,new,Electra Hartshorn,9/4/2022,Yangchengzhuang
Egypt,Ford,Ms,2008,Purple,963713.24,used,Jordan Arch,2/20/2022,Marsa Alam
Argentina,Acura,Mr,2009,Red,228753.1,new,Chas Craghead,11/22/2022,Cipolletti
China,GMC,Mr,1997,Red,330728.06,new,Petrina Klimochkin,9/3/2022,Lianran
Belarus,Mitsubishi,Mr,1998,Indigo,176197.48,new,April Lowensohn,8/8/2020,Tsyelyakhany
France,Ford,Mr,2020,Teal,723213.07,new,Stanislaw Braban,1/3/2022,Créteil
Canada,Volkswagen,Mr,2009,Blue,407630.69,new,Cherry Cusick,11/14/2020,Sainte-Sophie
Indonesia,Chrysler,Mr,2018,Red,786225.09,certified pre-owned,Melony Hurcombe,2/14/2022,Majennang
Indonesia,Aston Martin,Mr,2010,Violet,372131.65,certified pre-owned,Reinhard Sinnocke,7/29/2022,Delodpeken
Finland,Chrysler,Dr,2022,Purple,38901.06,used,Godwin Richings,3/18/2022,Lappajärvi
France,Mercury,Ms,1995,Yellow,528782.76,new,Edwina McCraw,3/15/2020,Melun
China,BMW,Rev,1996,Yellow,373494.43,used,Garek Offield,3/10/2020,Hezuoqiao
Czech Republic,Dodge,Mrs,2006,Aquamarine,325687.79,certified pre-owned,Edythe Tabram,4/1/2021,Vacov
Greece,GMC,Rev,2008,Orange,804759.86,used,Alla Kobpal,7/21/2022,Ágios Efstrátios
China,Toyota,Mr,2001,Purple,291923.81,new,Domenico Syres,3/25/2020,Si’erbao
Palestinian Territory,Volvo,Rev,2017,Violet,933148.44,used,Theadora Hubbert,7/2/2020,Sīrīs
Mexico,Chrysler,Honorable,2007,Blue,775303.81,used,Garry De Michele,2/10/2020,Emiliano Zapata
Czech Republic,Mazda,Mrs,2007,Indigo,376998.98,certified pre-owned,Livvyy Mylan,1/19/2021,Hevlín
Philippines,Ferrari,Dr,1995,Aquamarine,741187.73,new,Chaunce Griffin,8/25/2021,Veruela
Indonesia,Chevrolet,Honorable,2007,Indigo,491684.61,certified pre-owned,Merrill Canedo,5/12/2021,Tapan
Bangladesh,GMC,Mr,2006,Red,165426.55,new,Renell Clarycott,2/5/2021,Nārāyanganj
Portugal,Acura,Dr,2000,Crimson,180034.72,certified pre-owned,Jonathon De Bruyne,3/22/2021,Prior Velho
China,Volvo,Honorable,1997,Purple,277213.84,certified pre-owned,Shalne Farriar,8/22/2022,Sangzhou
Russia,Toyota,Mr,2006,Puce,304973.91,new,Joell Leaning,1/5/2020,Aban
Peru,Kia,Dr,2001,Aquamarine,341615.34,used,Rubia Dawber,7/11/2020,Coris
China,Oldsmobile,Honorable,1990,Orange,790928.37,certified pre-owned,Krissy Rolingson,3/1/2021,Qinghe
China,Pontiac,Mr,2013,Fuscia,964673.36,used,Elden Musson,6/13/2020,Guanshan
Sweden,Acura,Rev,2018,Goldenrod,528571.05,used,Vilma Pappin,5/14/2020,Karlstad
Russia,Ford,Ms,1993,Violet,646979.22,new,Curtice Strettell,8/11/2020,Perovo
Ukraine,Mazda,Honorable,2021,Purple,856157.77,certified pre-owned,Lewie Creech,10/7/2022,Lymanske
Indonesia,Lexus,Mr,2019,Yellow,451931.3,used,Desmund Clay,1/28/2020,Faeanak Dua
Venezuela,Lexus,Mr,1990,Fuscia,330209.96,new,Isidoro Grichukhanov,7/17/2020,Cabudare
Palestinian Territory,Hummer,Ms,2004,Yellow,270189.02,used,Ardis Brennenstuhl,11/16/2021,Kharbathā Banī Ḩārith
Indonesia,Mazda,Ms,2013,Crimson,243151.03,new,Amby Happer,11/15/2020,Ambarita
China,Porsche,Ms,1996,Purple,35774.53,new,Judon Maypother,3/15/2021,Tuncheng
South Africa,Ford,Mrs,1998,Red,468877.41,certified pre-owned,Yasmeen Walklott,6/18/2021,Ndwedwe
Philippines,Chevrolet,Mrs,2002,Crimson,80994.95,used,Toinette Huxton,3/16/2022,Lupo
Russia,Toyota,Dr,2003,Puce,906556.88,new,Huntlee Whates,2/11/2021,Svetogorsk
Indonesia,Ford,Honorable,2012,Red,732634.98,certified pre-owned,Ignazio Ginnaly,12/24/2020,Babah Rot
China,Ford,Mrs,2000,Green,185559.75,new,Nikos Gibby,7/24/2020,Daqian
Palestinian Territory,Saab,Mr,2006,Crimson,656786.08,certified pre-owned,Donielle Huntriss,12/16/2021,Idhnā
France,Volkswagen,Ms,2008,Maroon,140792.77,new,Gusta Adney,7/24/2022,Sélestat
Serbia,Porsche,Ms,2012,Red,590446.5,used,Kirbee Hubball,10/3/2022,Lazarevac
Russia,Kia,Mrs,2008,Crimson,438372.96,used,Ulrick Corgenvin,9/4/2020,Malinovoye Ozero
Peru,Dodge,Honorable,2013,Green,156204.1,certified pre-owned,Adrienne Assante,10/23/2020,Namora
Russia,Bentley,Mrs,2020,Pink,260992.89,new,Estrellita Foystone,10/28/2022,Rybnoye
Greece,Mercury,Mrs,1990,Blue,801804.25,used,Dorian Bloxholm,12/30/2020,Sámi
Libya,Maserati,Dr,2019,Blue,792315.77,certified pre-owned,Jessie Back,8/5/2022,Zawiya
Nigeria,Saturn,Mr,1999,Blue,700613.94,certified pre-owned,Ed Kenington,12/18/2020,Ilare
Ukraine,Hyundai,Mr,1998,Turquoise,677286.67,used,Bennett Maxsted,6/18/2022,Drohobych
Nigeria,GMC,Rev,2018,Purple,625333.24,new,Dollie Petigrew,2/25/2021,Agenebode
Brazil,Chevrolet,Dr,2021,Khaki,995455.81,new,Ambros Bernardt,9/11/2020,Limoeiro do Norte
China,Lamborghini,Dr,2019,Violet,23621.07,certified pre-owned,Moses Capehorn,6/6/2021,Taiping
China,Lamborghini,Dr,2009,Pink,4924.97,certified pre-owned,Alonzo Roman,11/1/2021,Zhonggang
China,Ford,Dr,1999,Blue,563665.27,new,Filberto Grimoldby,7/15/2020,Yeyik
Somalia,Chevrolet,Mr,2002,Turquoise,877528.51,new,Dasie Ortzen,7/10/2022,Jawhar
Poland,Honda,Rev,2003,Purple,536530.43,used,Delmer Last,7/21/2020,Chłapowo
Mauritius,Lexus,Mrs,2006,Indigo,145836.07,certified pre-owned,Emanuel Aleksidze,9/21/2021,Melrose
Libya,Pontiac,Ms,2001,Green,33103.41,new,Cecilla Denziloe,10/19/2021,Banī Walīd
Mongolia,Lexus,Ms,1997,Pink,82099.0,new,Brianna Courson,3/20/2021,Tahilt
China,Maserati,Mr,2004,Yellow,947285.38,certified pre-owned,Wandis Deares,1/9/2021,Dadoupu
Serbia,Pontiac,Mr,2014,Purple,50431.47,used,Margot Schettini,4/11/2020,Bogojevo
Indonesia,Toyota,Mrs,1994,Red,934566.91,certified pre-owned,Chloe Sweeny,4/20/2021,Pancoran
Russia,Infiniti,Mr,2011,Green,844551.23,used,Marietta Olenikov,11/13/2021,Bamut
China,Buick,Rev,2004,Yellow,339538.39,certified pre-owned,Cecilius Beardsworth,6/25/2022,Nanxia
Mexico,Lincoln,Ms,2019,Maroon,681647.51,used,Nickie Fennelow,12/10/2022,Adolfo Lopez Mateos
Vietnam,Chevrolet,Dr,2016,Pink,742474.53,new,Marguerite Felce,2/26/2022,Thị Trấn Mộc Châu
Nigeria,Honda,Mrs,2007,Violet,599496.53,new,Karyl Putley,9/25/2020,Ijebu-Ife
Indonesia,Mazda,Ms,1994,Orange,595570.63,new,Joellen Dmitrienko,2/14/2022,Muara
Philippines,Mercedes-Benz,Mr,1994,Indigo,709846.15,certified pre-owned,Mac Bumpus,12/22/2020,Bolinao
Germany,Ford,Mr,2004,Orange,75413.75,certified pre-owned,Gael Mateiko,8/13/2021,Frankfurt am Main
Namibia,Volvo,Ms,2022,Violet,944049.63,used,Neil Hinckley,12/9/2021,Ondangwa
China,Hyundai,Dr,2015,Crimson,200039.59,new,Homer Summerlee,3/13/2021,Zhuangbu
Ireland,Bentley,Dr,2022,Puce,872824.4,new,Willetta Pepper,9/9/2020,Kingscourt
Kenya,Mercedes-Benz,Mr,2016,Red,28691.97,new,Tybi Filipponi,10/24/2020,Kapsabet
United States,Audi,Dr,2002,Aquamarine,331531.7,certified pre-owned,Forrester Trynor,6/27/2020,Champaign
Tanzania,Ford,Mrs,2014,Aquamarine,609077.07,new,Maryl Yashunin,7/12/2020,Songea
China,Ford,Mrs,1999,Pink,507302.09,used,Abbie Harhoff,5/25/2020,Lingda
Canada,Audi,Mrs,2020,Pink,714291.88,new,Dermot Ferrieroi,10/12/2022,Assiniboia
Bangladesh,Chrysler,Mr,2009,Green,165710.86,new,Auria Ruhben,11/12/2021,Jamālpur
Cameroon,BMW,Honorable,2005,Green,475361.09,certified pre-owned,Sean Cornils,5/17/2020,Bafoussam
Poland,Maybach,Mrs,2005,Red,849457.2,new,Farlee Liddicoat,1/9/2021,Krasnystaw
Portugal,Porsche,Dr,2015,Crimson,117035.39,new,Marchelle Kender,7/12/2020,Lamas
Dominican Republic,Mazda,Rev,2016,Goldenrod,377858.8,certified pre-owned,Feodor Borthe,11/24/2021,Baní
Argentina,Chrysler,Rev,1996,Puce,70321.36,used,Ursulina Castano,11/17/2022,Concepción
Greece,Chevrolet,Ms,2008,Red,546889.84,certified pre-owned,Rollins Stubbings,11/10/2022,Katsikás
Indonesia,Mazda,Honorable,2011,Red,195856.59,new,Jammal Bradford,6/9/2020,Bangeran
China,Ford,Ms,2001,Green,537677.03,certified pre-owned,Celesta Yanukhin,1/28/2021,Haitang
Brazil,Chevrolet,Ms,2011,Pink,614097.88,new,Walther Iddins,1/28/2020,Mairiporã
Philippines,Chevrolet,Honorable,2000,Yellow,3579.46,new,Virgina Wheelband,7/14/2020,Irirum
Russia,Isuzu,Dr,2012,Aquamarine,121788.99,certified pre-owned,Ric Woodes,11/7/2020,Mikhaylovsk
Dominican Republic,Dodge,Mr,1992,Goldenrod,247112.91,certified pre-owned,Leigha Bullen,3/1/2020,Villa Altagracia
Ukraine,Jeep,Mr,1995,Goldenrod,33530.39,certified pre-owned,Wilbert Betham,10/8/2021,Chynadiyovo
Latvia,Morgan,Mrs,1999,Purple,545857.57,new,Kimbell Lorman,10/14/2020,Ragana
Guinea,Toyota,Rev,1992,Green,4169.93,new,Angel Jeannel,1/15/2020,Nzérékoré
Norway,Pontiac,Ms,2015,Teal,75287.44,new,Hamlin Buckenhill,5/30/2022,Elverum
China,Mercedes-Benz,Ms,1993,Crimson,532496.46,new,Francisco Derobert,4/13/2021,Fuli
China,Plymouth,Honorable,1992,Green,29857.71,certified pre-owned,Weidar Maruska,9/16/2021,Huangqi
Poland,Aston Martin,Mr,2020,Blue,536667.86,certified pre-owned,Mathilde Snelling,9/1/2020,Inowrocław
Philippines,Chevrolet,Dr,1997,Pink,129367.13,used,Rochester Cousin,12/27/2022,Cabungan
Afghanistan,Lexus,Mr,2021,Fuscia,853550.27,new,Haleigh Ladon,7/27/2021,Sar-e Pul
Ukraine,Ford,Dr,2005,Orange,776242.5,used,Lenee Yeldon,2/15/2020,Dmytrivka
China,Mercury,Rev,2004,Crimson,27520.25,used,Rubina Landeg,7/13/2022,Cha’anpu
Indonesia,Hyundai,Ms,2008,Green,845325.97,used,Mitchael Kilfether,6/9/2022,Jorong
China,Chevrolet,Dr,2020,Purple,588277.18,used,Sigismund Neary,6/10/2022,Luoshan
Papua New Guinea,Subaru,Honorable,2002,Khaki,110798.31,new,Anatollo Gallamore,9/11/2020,Rabaul
Finland,Chevrolet,Mrs,2006,Goldenrod,636407.7,certified pre-owned,Kip Sokell,11/1/2021,Evijärvi
Ukraine,Volkswagen,Dr,1991,Violet,605141.11,new,Chrysler Hackney,8/25/2020,Perechyn
China,Ford,Mr,2008,Pink,891905.51,used,Genia Sweating,9/8/2020,Xinlong
Bulgaria,Suzuki,Mr,2022,Purple,614191.09,new,Lamar Redgrove,1/27/2021,Borovo
Portugal,Dodge,Rev,2005,Blue,355639.38,certified pre-owned,Bobbi D'Antoni,5/26/2021,Brejoeira
Portugal,Buick,Dr,1996,Aquamarine,664949.3,certified pre-owned,Briant Pauncefort,1/27/2021,Vila Nova
Ireland,Mazda,Dr,2001,Teal,776206.15,used,Lari Behne,5/5/2021,Bailieborough
Poland,Ford,Honorable,2017,Mauv,806768.46,certified pre-owned,Germana Sherwin,12/17/2020,Białobrzegi
China,Citroën,Rev,2008,Turquoise,349534.64,new,Torey Arnoult,9/16/2021,Gangsha
Kiribati,Suzuki,Mrs,2007,Yellow,651283.57,used,Jillayne Boffey,8/12/2022,Betio Village
Indonesia,Volkswagen,Honorable,2008,Yellow,18851.49,new,Leeanne Kurdani,12/22/2022,Karengan
Honduras,Maybach,Ms,2003,Puce,386610.87,used,Sofia Pilch,4/15/2022,San Francisco de la Paz
Ukraine,Land Rover,Mrs,2000,Red,835445.75,certified pre-owned,Nicky Hoggins,8/29/2022,Toshkivka
Canada,Toyota,Rev,2015,Green,359652.08,new,Lorry Fahrenbach,11/20/2022,Blainville
Brazil,Ford,Rev,1998,Goldenrod,871546.61,certified pre-owned,Hazel Linskill,12/5/2022,Buíque
Thailand,Mercedes-Benz,Dr,1996,Blue,146950.55,used,Jordanna MacGebenay,5/9/2020,Nong Yai
China,Audi,Mrs,2000,Teal,984558.67,certified pre-owned,Susie Corbie,12/15/2021,Shuangchahe
Mali,Rolls-Royce,Rev,2008,Yellow,943809.37,new,Logan Djurdjevic,10/8/2022,Ansongo
China,Pontiac,Mr,2006,Aquamarine,877549.06,new,Kerrin Charlin,7/19/2022,Langxi
China,Mercedes-Benz,Rev,1995,Aquamarine,608935.53,used,Lenora Rispin,12/29/2020,Guohe
China,Toyota,Mr,1999,Yellow,559522.4,certified pre-owned,Teddie Offa,4/9/2022,Jiaozuo
Ukraine,Ford,Mr,1997,Indigo,399265.72,certified pre-owned,Kimball Reinger,12/8/2021,Subottsi
Portugal,Toyota,Dr,2018,Purple,790136.28,certified pre-owned,Ambrosius Hellings,6/20/2020,Carvalhal Redondo
Sweden,Scion,Ms,2007,Maroon,386482.22,used,Garrik Dobrovolny,12/14/2020,Mölndal
Canada,GMC,Dr,1992,Indigo,537778.87,new,Reggy Duiguid,4/6/2021,La Ronge
Russia,Chevrolet,Mrs,1996,Red,665985.01,used,Hobie Cosford,3/5/2020,Gostagayevskaya
France,Chevrolet,Mr,2011,Pink,854669.69,used,Steffen Walbridge,6/11/2020,Marseille
Japan,Isuzu,Mrs,1995,Maroon,762199.52,certified pre-owned,Pauli Shankster,3/2/2021,Kitsuki
Peru,Volvo,Rev,2019,Maroon,400546.16,certified pre-owned,Mendy Black,9/22/2021,Ilo
Mexico,Volkswagen,Rev,1991,Orange,117935.79,certified pre-owned,Hasty Trump,9/14/2022,Adolfo Lopez Mateos
Mongolia,Volvo,Dr,2017,Violet,896446.42,used,Gaby Gregoraci,3/21/2020,Holboo
Philippines,Lincoln,Rev,2009,Aquamarine,784753.31,certified pre-owned,Scarface Wigmore,1/28/2022,Lanot
Mexico,Jeep,Mrs,2021,Turquoise,843866.07,certified pre-owned,Jenn Andretti,11/2/2020,Benito Juarez
Colombia,Infiniti,Mrs,2020,Yellow,24441.97,used,Gayle Yeates,12/7/2022,El Carmen
Madagascar,Chevrolet,Mrs,2003,Indigo,80825.11,used,Sibyl Willshee,6/13/2022,Vavatenina
China,Honda,Rev,2005,Pink,875280.06,certified pre-owned,Gabi Scardifeild,4/2/2020,Xinshichang
Czech Republic,Volvo,Rev,1990,Orange,448806.1,new,Queenie Maclaine,7/27/2021,Zdiby
Peru,Ford,Ms,2006,Violet,559841.71,certified pre-owned,Hedwig Monro,5/10/2022,Calango
Indonesia,Lincoln,Mrs,2012,Red,971786.8,used,Ash Haughin,8/21/2021,Maundai
Serbia,Dodge,Rev,2020,Teal,350049.15,certified pre-owned,Zacharia Medlin,10/5/2021,Bujanovac
Russia,Infiniti,Dr,2011,Purple,701776.13,used,Elihu Zanettini,3/24/2021,Panino
China,Buick,Dr,2002,Purple,48113.93,used,Lorrie Klaaasen,2/7/2021,Taiyang
Japan,Saturn,Ms,2017,Yellow,505637.36,certified pre-owned,Caryn Ezzell,8/4/2021,Itsukaichi
Indonesia,Land Rover,Mrs,2006,Mauv,162510.75,new,Devan Deesly,3/28/2021,Samburat
France,Hyundai,Rev,2004,Green,574498.66,certified pre-owned,Oates Marling,9/26/2021,Pessac
France,Mitsubishi,Mr,2009,Indigo,287451.04,new,Claresta Maywood,11/11/2020,Paris La Défense
Argentina,Nissan,Dr,2005,Pink,992565.36,certified pre-owned,Vallie Lawleff,6/9/2021,San Nicolás de los Arroyos
Brazil,Infiniti,Rev,2013,Purple,157352.4,certified pre-owned,Josy Gummery,9/7/2020,São Marcos
China,Volkswagen,Rev,1992,Red,729854.25,certified pre-owned,Aubert Emma,6/18/2022,Yuping
China,Toyota,Rev,1995,Puce,681083.34,new,Teirtza Ainslie,1/27/2022,Shijie
Sweden,Ford,Ms,2004,Indigo,12267.51,certified pre-owned,Worth Acosta,10/13/2020,Kista
Philippines,Lincoln,Mr,2021,Goldenrod,530007.32,certified pre-owned,Emylee Armor,6/21/2020,Tangub
Indonesia,Hyundai,Ms,2017,Indigo,867828.1,used,Sibyl Birkhead,9/19/2022,Mander
Poland,Mitsubishi,Ms,1994,Puce,445061.97,new,Gasparo Codron,12/4/2021,Sułkowice
Indonesia,BMW,Mrs,1996,Crimson,364782.32,used,Ezmeralda Fruchter,7/21/2020,Klayusiwalan
France,GMC,Honorable,2020,Khaki,17870.04,new,Allix Benkhe,6/18/2020,Aubagne
Indonesia,Jaguar,Rev,2010,Fuscia,210966.49,new,Vlad Boyen,5/24/2022,Gesik
Argentina,Chevrolet,Dr,2000,Indigo,451202.61,used,Carilyn Dobbing,10/29/2020,Corralito
Russia,Buick,Mrs,2002,Teal,29004.87,new,Tymon Gyer,7/21/2022,Tolstoy-Yurt
Mexico,Oldsmobile,Mr,2012,Khaki,43393.9,new,Sarajane Bernardos,9/2/2022,Belisario Dominguez
Greece,Lexus,Dr,2009,Fuscia,208619.15,used,Tymon Powner,7/17/2020,Kastélli
Mauritania,Audi,Dr,2005,Red,608415.7,used,Nicholle Olanda,9/8/2022,Zouérat
Malaysia,Chevrolet,Mrs,2013,Indigo,719289.74,certified pre-owned,Mechelle Keeting,12/24/2020,Shah Alam
South Africa,Chevrolet,Mr,2013,Goldenrod,955761.57,new,Randi Schutt,4/9/2020,Kruisfontein
Hungary,Isuzu,Ms,1990,Maroon,803108.63,certified pre-owned,Carolin Plastow,3/6/2021,Budapest
Papua New Guinea,Ford,Dr,2015,Goldenrod,335430.46,used,Anthia Odger,9/25/2022,Lae
China,Mitsubishi,Ms,1995,Fuscia,561401.95,new,Jillane Bicknell,5/15/2021,Changjiang
Vietnam,Chrysler,Rev,1997,Purple,744031.09,used,Nydia Alleway,2/18/2020,Quận Tân Phú
China,Mitsubishi,Dr,2014,Orange,957064.28,used,Northrop Duggen,2/13/2020,Langchi
China,Pontiac,Ms,2007,Aquamarine,26224.4,certified pre-owned,Emera Stean,7/27/2021,Taiping
New Caledonia,Kia,Dr,2016,Orange,245833.81,used,Torrin Kingsley,7/28/2021,Hienghène
Thailand,Isuzu,Ms,2019,Teal,356133.33,new,Tim Duckitt,5/25/2022,Phra Pradaeng
Sweden,GMC,Dr,2002,Turquoise,87978.34,certified pre-owned,Sharlene Cobby,8/3/2022,Kristianstad
China,Audi,Ms,2003,Maroon,305889.37,used,Ryann Skally,3/27/2022,Jingping
Indonesia,Ford,Rev,2019,Mauv,342730.71,certified pre-owned,Bobbie Chave,9/26/2020,Pilang
Peru,Dodge,Mr,2022,Indigo,73845.75,new,Marti Astell,10/1/2022,Capacmarca
Poland,Lexus,Honorable,1995,Khaki,706709.9,used,Claiborn Perone,4/3/2020,Jeżów Sudecki
Japan,Chevrolet,Dr,2012,Yellow,649442.44,new,Jaime Boydle,6/6/2021,Tsuyama
Russia,Chevrolet,Rev,2021,Puce,82715.02,certified pre-owned,Annie Tire,7/6/2021,Kotovsk
Russia,Nissan,Honorable,2005,Goldenrod,540416.36,new,Lacie McEnery,6/23/2020,Zelenoborskiy
Poland,Mazda,Ms,2005,Puce,745095.18,new,Dotti Jendrich,9/16/2022,Huta Stara B
China,BMW,Ms,2003,Aquamarine,293748.07,new,Salomo Peacey,7/31/2022,Songhe
China,Pontiac,Mrs,2014,Fuscia,723567.43,new,Ora Weben,11/19/2020,Xinhe
Philippines,Volkswagen,Dr,2017,Green,581221.61,certified pre-owned,Pammie Stanlake,4/26/2022,Lomboy
France,Lexus,Dr,1999,Fuscia,250962.92,certified pre-owned,Rabbi Tonkin,8/5/2021,Bourgoin-Jallieu
Indonesia,Chevrolet,Mr,2004,Green,271080.49,certified pre-owned,Clarine Adds,7/9/2022,Ujung Gading
China,Panoz,Mrs,2010,Red,171290.96,certified pre-owned,Cherey Hancock,2/16/2021,Zhongzuiling
Cuba,Mercury,Honorable,2017,Teal,739177.43,used,Claretta Whittock,6/5/2022,Jobabo
China,Oldsmobile,Dr,1995,Green,551591.99,new,Elora Arnal,9/24/2021,Damiao
China,Ford,Mr,2002,Orange,267185.49,new,Patric Coolahan,3/27/2021,Helang
Ivory Coast,GMC,Ms,2015,Maroon,927784.66,certified pre-owned,Gareth Basson,5/26/2021,Bongouanou
China,Volkswagen,Honorable,2014,Yellow,70709.97,certified pre-owned,Isac Jorn,6/25/2020,Kefang
Ukraine,Toyota,Mr,1997,Purple,149930.84,new,Pamelina Damarell,12/8/2020,Petropavlivka
Brazil,Dodge,Mr,2021,Green,507729.87,new,Julia Dani,5/26/2022,Itapicuru
China,Pontiac,Rev,2006,Pink,75322.78,certified pre-owned,Ainsley Pregal,7/17/2020,Dujiajing
Thailand,Mitsubishi,Ms,1995,Khaki,397486.04,new,Rutger Bugby,8/14/2020,Bang Kaeo
Russia,Cadillac,Rev,2017,Blue,822200.99,used,Kelley Haws,9/1/2021,Novotitarovskaya
Philippines,Nissan,Mr,2021,Purple,800384.78,used,Barton Klee,11/11/2022,Llanera
China,Ford,Rev,2005,Aquamarine,605689.43,certified pre-owned,Harman Cockett,12/5/2020,Huafeng
United States,Subaru,Mr,2022,Green,105150.64,certified pre-owned,Rhona Blades,6/16/2021,Sacramento
Philippines,Chevrolet,Ms,2011,Fuscia,978742.3,new,Geri Whylie,10/13/2020,Atok
Indonesia,Nissan,Mr,1990,Maroon,529258.81,used,Margot Dwyr,5/25/2021,Dalo
Nigeria,BMW,Rev,2012,Goldenrod,200009.85,used,Joanne Belleny,1/11/2021,Takai
Brazil,Chevrolet,Dr,2015,Orange,351708.9,used,Denny Mawford,11/11/2020,Americana
Russia,Pontiac,Honorable,2013,Blue,282054.46,used,Shir Allison,7/12/2022,Novotitarovskaya
Indonesia,Aston Martin,Rev,2015,Purple,79915.58,certified pre-owned,Jeralee Cowp,4/21/2022,Campor
United States,Plymouth,Mr,1995,Puce,784583.15,new,Staffard Cadney,9/19/2020,Newark
Mongolia,Kia,Mr,2005,Fuscia,814359.29,certified pre-owned,Jobye Schollick,5/19/2020,Ulaanbaatar
Indonesia,Bentley,Mr,1998,Puce,615431.93,new,Ware Schoffel,9/7/2020,Palamadu
Russia,Chevrolet,Ms,2002,Pink,98811.22,used,Margareta Pilmer,4/14/2020,Gorbatovka
Ethiopia,GMC,Ms,2012,Aquamarine,796480.36,certified pre-owned,Dorthy Gatrell,8/26/2020,Mendī
Colombia,Toyota,Honorable,2012,Goldenrod,626613.87,used,Alidia Aurelius,4/17/2021,El Retiro
Peru,Mitsubishi,Rev,2016,Yellow,146173.68,new,Trumann Doorly,9/22/2021,Marcabamba
Portugal,GMC,Ms,2000,Puce,381920.12,used,Sheffy Darko,12/2/2021,Alminhas
Greece,Isuzu,Mr,2015,Aquamarine,586622.15,used,Boone Soares,3/18/2020,Sápes
Latvia,Mitsubishi,Honorable,2018,Orange,162623.16,certified pre-owned,Vassili Bannon,1/18/2020,Tukums
Russia,Chevrolet,Dr,1991,Green,14538.56,new,Weston Robelow,5/15/2021,Khandagayty
China,Pontiac,Ms,2012,Teal,287537.93,new,Seka Duffet,8/15/2020,Qingshi
Mongolia,Maserati,Honorable,2017,Yellow,949874.95,certified pre-owned,Godfry Cicchitello,9/13/2021,Havirga
Ukraine,Scion,Honorable,2001,Fuscia,512054.32,certified pre-owned,Wood Ellacombe,4/15/2020,Yampil’
Indonesia,Geo,Honorable,1999,Turquoise,911168.25,new,Garwood Siggers,4/22/2020,Bedadung Kulon
Peru,Porsche,Ms,2005,Purple,907143.56,new,Kurtis McComish,10/3/2022,Llocllapampa
Philippines,Chevrolet,Rev,2017,Mauv,897159.02,new,Sherill Gomm,5/10/2021,Santa Justina
Indonesia,Honda,Rev,2022,Khaki,100731.01,new,Conan Wherrett,11/28/2020,Cinyasag
China,Chevrolet,Mrs,2012,Aquamarine,692577.89,used,Wendel Breheny,8/7/2020,Wangjiahe
Russia,Mercury,Dr,1995,Indigo,334842.08,new,Nissie Kerrod,8/28/2022,Shestakovo
Poland,Mercury,Ms,2014,Blue,911175.93,new,Anna-diane Dundridge,12/13/2022,Kozy
Japan,GMC,Ms,2000,Goldenrod,540612.68,new,Wren Derwin,11/27/2022,Arai
Ukraine,Infiniti,Mr,2004,Purple,312213.81,certified pre-owned,Ermina Ferreri,3/29/2021,Haysyn
Indonesia,Lamborghini,Mrs,1997,Fuscia,665351.1,used,Edin Andrysiak,8/19/2021,Gugut
Canada,Chrysler,Rev,2005,Indigo,982027.26,new,Norby Bowdon,7/12/2020,Conception Bay South
China,Suzuki,Mrs,2012,Mauv,251607.58,certified pre-owned,Paulie Kermit,7/13/2020,Luocheng
Philippines,Cadillac,Mr,1992,Fuscia,499074.57,certified pre-owned,Gerry Adney,5/1/2022,Irahuan
China,Volvo,Dr,1999,Khaki,444323.87,certified pre-owned,Lyssa Perrottet,10/30/2020,Guangshan
Russia,Ford,Mr,2018,Indigo,210812.11,new,Ashleigh Linny,12/9/2021,Yanino Vtoroye
Russia,Dodge,Mrs,2001,Teal,806727.8,new,Minnnie Meighan,9/18/2021,Ust’-Katav
Indonesia,Buick,Ms,2017,Orange,81515.26,certified pre-owned,Tobiah Jarrel,9/15/2020,Ngawi
Philippines,Cadillac,Dr,1992,Red,816579.59,certified pre-owned,Wanids Orsi,11/12/2021,Santa Clara
